id,disbursed_amount,account_id,request_id,disbursed_at,_load_ts_ms,cdc_source_ts_ms,attributes,cdc_op
0127738c-7527-4cf3-96a2-8f8d3ee7f9c9,500000,1bb6fd90-b7bc-4e91-8ec4-8e32434e710d,16280184-bd0b-4181-9674-126dd5f0745_emerald_interest_rk_65,2022-01-02 00:00:00+00:00,1698088362000,1698088085505,"""{}""",
26d491cb-18f9-47db-9987-d3ed1f587235,500000,00021ea8-234f-48e4-ad19-fa42072d4659,16280184-bd0b-4181-9674-126dd5f0745_emerald_interest_rk_59,2022-01-02 00:00:00+00:00,1698088362000,1698088085544,"""{}""",
b90da23f-d810-4848-b01c-6097c951ff45,500000,783de8f9-9238-430e-9508-9db8b97cdf52,16280184-bd0b-4181-9674-126dd5f0745_emerald_interest_rk_64,2022-01-02 00:00:00+00:00,1698088362000,1698088085845,"""{}""",
3f699c26-e40f-4133-88e5-8a06539c9f60,1000000,2deb705a-b24d-4ba2-bf72-b674172412bc,Interest-Test-Account-132,2022-01-04 00:00:00+00:00,1698088362000,1698088085553,"""{}""",
71405ac1-50d4-46f0-91a3-6f9fe79dc624,144500,89e7378a-0da4-416d-934b-db2111a56dee,16280184-bd0b-4181-9674-126dd5f0745_May_30_apg_126,2022-01-20 00:00:00+00:00,1698088362000,1698088085742,"""{}""",
f6a581b8-590c-4cdd-b7cf-d6d16fc3df37,115000,f83cea45-5dd1-46fd-8857-2881032d62e2,16280184-bd0b-4181-9674-126dd5f0745_May_30_apg_111,2022-01-20 00:00:00+00:00,1698088362000,1698088085945,"""{}""",
08c772b5-5644-4235-b39c-5bdb6527cc39,907818,772c8038-0cb1-475a-830f-5bd53fd66e0a,Interest-App-Test-1896800401559662800-021,2022-01-31 00:00:00+00:00,1698088362000,1698088085509,"""{}""",
506ee93d-bc4a-40ee-8750-5a69ec1a7481,184365,48f76002-eb10-4779-acea-ee4d231e297c,Interest-App-Test-1896800401559662800-023,2022-01-31 00:00:00+00:00,1698088362000,1698088085560,"""{}""",
d2709509-7f47-48d0-a0a1-f4266b5d64d9,1000000,dd6f3d42-81f8-4b54-a083-b0e8db68d753,Interest-App-Test-1896800401559662800-019,2022-01-31 00:00:00+00:00,1698088362000,1698088085858,"""{}""",
43a5b0f5-b877-4ba5-bdae-f47cd2127a67,149900,a758347c-66e0-41a6-b2d4-a68de78d7493,test23312121210,2022-02-10 00:00:00+00:00,1698088362000,1698088085555,"""{}""",
537d1502-f16c-4726-aeda-895969e5efe9,149900,56cef971-bf45-4ed1-8f73-64db4b95e5ab,test23312121212,2022-02-10 00:00:00+00:00,1698088362000,1698088085561,"""{}""",
b1ddcb13-223e-470c-8645-47fb5a129f91,2999800,832c727a-125f-43a2-b717-8ba0b47e3f3d,test23312121217,2022-02-11 00:00:00+00:00,1698088362000,1698088085842,"""{}""",
80210748-a607-4dc6-82f8-d79baf262ad9,2950000,25d136ec-9370-4749-877f-af11ab4a7f45,test23312121117,2022-02-20 00:00:00+00:00,1698088362000,1698088085748,"""{}""",
742ba14a-b078-4b3c-ab23-2900646417f9,5000000,c90b9b16-073f-414c-9f73-4c9bb5fbec4f,16280184-bd0b-4181-9674-126dd5f0745_ssk_909003,2022-02-25 00:00:00+00:00,1698088362000,1698088085743,"""{}""",
7fbc92a1-017b-49d5-888c-e2294499a21a,100000,2fc25ea9-bf9f-4bdf-94fe-593f9068f764,16280184-bd0b-4181-9674-126dd5f0745_ssk_9090112292,2022-02-25 00:00:00+00:00,1698088362000,1698088085748,"""{}""",
b4484074-65d3-41a0-8b3f-dcbe3a651e89,5000000,cf2eb775-9a54-4850-9177-65bba821a7e9,16280184-bd0b-4181-9674-126dd5f0745_ssk_90900414,2022-02-25 00:00:00+00:00,1698088362000,1698088085843,"""{}""",
e3db2b01-74c3-4cb1-a10d-31ef3c6a6493,100000,549b23c3-8130-4459-b7bc-e9f7cecf17bd,16280184-bd0b-4181-9674-126dd5f0745_ssk_0913981020,2022-02-25 00:00:00+00:00,1698088362000,1698088085867,"""{}""",
c963508a-9edd-4a60-a005-593b984e0ff9,15000000,821c4285-a6b4-451b-8d60-f1997e5bcf54,Interest-App-Test-1896800401559662800-034,2022-03-01 00:00:00+00:00,1698088362000,1698088085854,"""{}""",
d1e7f0bb-5ac4-45da-a680-ef1ecb95b40c,200000,bfa4d83a-a8f1-435b-a21d-2747cacfc2ee,request-id-emd-00010,2022-03-10 11:18:42.968000+00:00,1698088362000,1698088085858,"""{}""",
62b4a063-5612-4fc3-a732-eed08158afae,1000000,30ed69fb-9caf-4d09-9697-57f28712d28a,Test315,2022-03-10 11:48:03.207000+00:00,1698088362000,1698088085732,"""{}""",
9001dd3e-51b3-4397-8139-aa7c1e60f22c,100000,ce7ce73a-6c37-43ed-ab2b-fc7403e485f6,request-id-emd-3032,2022-03-16 07:40:03.290000+00:00,1698088362000,1698088085755,"""{}""",
aa2d2102-4b86-44aa-a8a8-3038804300c6,100000,fe965d7c-f798-4435-a3fa-33836a40972b,request-id-emd-3040,2022-03-17 08:48:52.082000+00:00,1698088362000,1698088085768,"""{}""",
844fc9e5-cb1a-4e2e-8f01-e46aa561191e,100000,d468cdb7-2e4f-442b-a9df-489d5c5be528,request-id-emd-3041,2022-03-17 08:49:40.982000+00:00,1698088362000,1698088085750,"""{}""",
de6f2b49-f9dd-486a-a7ff-1c231f4ccc20,2950000,fe427229-0964-4b2e-b462-36213062e92a,test23312121131,2022-03-18 00:00:00+00:00,1698088362000,1698088085863,"""{}""",
fe7ae607-5d31-405f-b2a2-b695801a07d1,100001,2c412e08-432b-480b-b9af-8f03354859e7,Test_account_20221121_test_25,2022-03-18 00:00:00+00:00,1698088362000,1698088086044,"""{}""",
b3cb71f2-b389-4303-b9a4-c49e9b6703bc,100001,7426f933-6bf5-4ec2-8f6a-4f2004299137,Test_account_20221121_epiTest_4,2022-03-21 00:00:00+00:00,1698088362000,1698088085842,"""{}""",
d64a97a2-d7e7-4e7c-b7ff-d0bfcd292613,100001,9d102957-65f6-48f4-8136-12523d2b4add,Test_account_20221130_epiTest_1,2022-03-21 00:00:00+00:00,1698088362000,1698088085860,"""{}""",
37b22791-97ee-406a-8b5d-9e100a0a8928,100001,4f3cd834-75fd-4059-a29a-254d3f880b53,Test_account_20221201_epiTest_14,2022-03-24 00:00:00+00:00,1698088362000,1698088085550,"""{}""",
62009813-5c95-42e9-8b07-361b74ece78e,100001,390df09b-b9fa-4d68-a479-19d92102ef64,Test_account_20221201_epiTest_13,2022-03-24 00:00:00+00:00,1698088362000,1698088085732,"""{}""",
8fa835bf-2f05-4387-8802-59aab78c1376,100001,1df74fed-f262-4afb-88c0-e6170983c200,Test_account_20221202_epiTest_1,2022-03-24 00:00:00+00:00,1698088362000,1698088085755,"""{}""",
11f60d0c-a8fe-4534-b708-754d6d7e6708,300000,b0b5a1f0-8b7e-4c3d-bee4-feae00ef560d,arch_Test_account_20220326_0006,2022-03-26 00:00:00+00:00,1698088362000,1698088085515,"""{}""",
2687f52a-40e5-4799-8279-2e29716a5f0e,300000,64f3f6ce-ca2f-4ba9-90f4-c0bbbfd5dc59,arch_Test_account_20220326_000018,2022-03-26 00:00:00+00:00,1698088362000,1698088085543,"""{}""",
2d924eb1-4b8c-4f8b-b4a9-e973da6a3a7c,300000,9a1f367e-3369-4d52-a07f-139027e7e4b5,arch_Test_account_20220326_0002,2022-03-26 00:00:00+00:00,1698088362000,1698088085546,"""{}""",
32913024-2973-4401-974a-e751205333c6,50000000,cacb8a83-4d89-4bf0-a3d2-77e02c5dd620,Interest-App-Test-1896800401559662800-043,2022-03-26 00:00:00+00:00,1698088362000,1698088085548,"""{}""",
44f1b009-25dc-4d5c-b1b2-432df9751190,300000,393330bf-37d6-4683-acb1-32572e5fd301,arch_Test_account_20220326_000016,2022-03-26 00:00:00+00:00,1698088362000,1698088085556,"""{}""",
5dc60eb7-dff0-421f-bfba-f7413f94092c,300000,05c30ea7-663f-4302-a61e-3d4e6596e919,arch_Test_account_20220326_0005,2022-03-26 00:00:00+00:00,1698088362000,1698088085730,"""{}""",
f5157f8c-dcaa-484c-8814-052b11baa29a,300000,5eccbca7-7305-4053-931d-87f912d40903,arch_Test_account_20220326_0007,2022-03-26 00:00:00+00:00,1698088362000,1698088085944,"""{}""",
4c1ec230-4d9b-4ca5-b2c7-abd069676d26,100000,f44e95e4-402f-43ba-b180-7e9e2a0d6013,requestID-1012125332e34143252,2022-03-31 10:39:41.897000+00:00,1698088362000,1698088085558,"""{}""",
0fbb0571-1b4f-4bba-a8bb-2e2896a605a2,300000,3e86224e-0df9-4478-8a7d-e20db80c50ed,arch_Test_account_20220330_00007,2022-04-03 00:00:00+00:00,1698088362000,1698088085513,"""{}""",
260e1824-7ee5-4b6a-9903-0a0e40f65746,297000,1df66397-ddea-4d62-869f-97373ded4e7f,arch_Test_account_20220403_0005,2022-04-03 00:00:00+00:00,1698088362000,1698088085543,"""{}""",
3cea3106-a9e9-4164-bdaf-9aabe7449605,300000,76bc2f6f-56ee-43e4-9607-070dd99f20e7,arch_Test_account_20220403_00014,2022-04-03 00:00:00+00:00,1698088362000,1698088085552,"""{}""",
c5b77051-6cb2-48ff-888d-fe019f8c57b9,300000,f1af990a-7a3d-406a-96a9-392a69599235,arch_Test_account_20220403_0009,2022-04-03 00:00:00+00:00,1698088362000,1698088085852,"""{}""",
7b6f47ca-52f4-41dd-8668-cd138ea1aa86,300000,031ed891-4d35-440e-b66b-e6031d17eb2a,arch_Test_account_20220403_00023,2022-04-04 00:00:00+00:00,1698088362000,1698088085746,"""{}""",
e6cae10a-953d-43ad-bc3c-49708e3b14fb,300000,c2b701a3-01e2-40c9-8fc5-0846ba630af1,arch_Test_account_20220403_00021,2022-04-04 00:00:00+00:00,1698088362000,1698088085868,"""{}""",
0d560102-32ab-4327-9997-d65f31d61244,297000,3db82977-ff41-44d0-b385-2cc4d8f3e0be,arch_Test_account_20220405_000006,2022-04-05 00:00:00+00:00,1698088362000,1698088085512,"""{}""",
67406f92-a5d8-471d-a59b-72dc9782cd09,300000,d3405b26-9a02-4b0c-831f-4ac6e61670ee,arch_Test_account_20220405_00028,2022-04-05 00:00:00+00:00,1698088362000,1698088085734,"""{}""",
7ae4c47a-7a26-47ae-8fea-d49c0a7266fd,297000,65c291df-21b0-4411-b712-ce0ff41a2fb2,arch_Test_account_20220405_000009,2022-04-05 00:00:00+00:00,1698088362000,1698088085746,"""{}""",
8bf231be-7226-4ba8-bfac-5f21d4187896,300000,4ecff202-8397-4138-b5aa-110d9b94b039,arch_Test_account_20220405_000001,2022-04-05 00:00:00+00:00,1698088362000,1698088085753,"""{}""",
abbba0a3-57d8-4eb8-8796-064afee332c8,500000,fe0d5180-3ecb-431c-8b31-7f38503a2b2b,requestID-1012125332e34143278,2022-04-05 04:43:04.755000+00:00,1698088362000,1698088085768,"""{}""",
4c5379c7-1369-40ec-8e27-522c50ccc1db,3000000,083802de-7d04-448f-9eb7-f6781fe534d1,test23312121040,2022-04-07 00:00:00+00:00,1698088362000,1698088085558,"""{}""",
a4afe473-bbd5-44c6-9533-494ec7853670,100001,5dabe9f7-f3b4-4871-b74e-79c6330f1762,Test_account_2023_05_01,2022-04-07 00:00:00+00:00,1698088362000,1698088085765,"""{}""",
9aa1197b-6b5e-4d38-ba88-6764b00406b2,500000,dfc62548-953f-4919-8fb5-5c59dc4b6eb9,requestID-1012125332e34143286,2022-04-07 15:57:12.287000+00:00,1698088362000,1698088085760,"""{}""",
4c67a6d5-5a6d-4227-af75-2f33a5756baa,100000,1ef93b2f-4fff-464f-a000-95d5c4acdaa2,requestID-1012125332e34143291,2022-04-07 16:14:28.185000+00:00,1698088362000,1698088085558,"""{}""",
65aafff6-ae47-4f32-9dcb-17028e05e70b,100000,f75fd488-b116-4401-8075-fcd6a8971bb6,requestID-1012125332e34143292,2022-04-07 16:15:15.770000+00:00,1698088362000,1698088085733,"""{}""",
2357b23b-aefe-48f4-ad42-81e27fda53e7,115500,04b9bf34-4f10-4475-95eb-73c63358cbf9,requestID10,2022-04-11 11:25:22.675000+00:00,1698088362000,1698088085542,"""{}""",
4d809555-89fc-4bc0-9fa3-e11d6b8b2e83,299000,0e9606fc-7caa-46e7-b57e-1e928a31cd92,Test_account_20221012_0010033249_013,2022-04-12 00:00:00+00:00,1698088362000,1698088085559,"""{}""",
a44d26e9-16c6-46ec-827d-3e1701634ba6,295000,e9ab492a-ccc6-4d80-9f71-3c32c0a6e227,Test_account_20220412_007,2022-04-12 00:00:00+00:00,1698088362000,1698088085764,"""{}""",
270f856f-e54b-4ff5-ba2e-c61b6a707af3,295000,a56956d9-f643-4630-81e9-529e66f0c804,Test_account_20220412_0019,2022-04-13 00:00:00+00:00,1698088362000,1698088085544,"""{}""",
5ac60b70-0d5e-4481-b1ad-d65b9cf59dcd,295000,3493fc28-570c-43a1-bdfc-d458da693dee,Test_account_20220412_0017,2022-04-13 00:00:00+00:00,1698088362000,1698088085729,"""{}""",
6536f66c-cd11-4cee-9524-52afeb7f2f4c,295000,7869266e-6f0d-496b-8c0f-d84d88f8e5df,Test_account_20220412_0013,2022-04-13 00:00:00+00:00,1698088362000,1698088085733,"""{}""",
5197a7fb-b03f-41c5-9a16-68352b6eff52,295000,7131d34a-0dfd-4e62-a806-d566f3769224,Test_account_20220415_02_07,2022-04-15 00:00:00+00:00,1698088362000,1698088085561,"""{}""",
8d7399ba-2762-4401-8ef5-0a530316c710,295000,add3070b-83f2-461c-a2d7-2ec40935368d,Test_account_20220415_02_01,2022-04-15 00:00:00+00:00,1698088362000,1698088085754,"""{}""",
b3495cbc-abcc-4fd8-9a9c-835e29c3b252,300000,4b8dbea8-2aef-4809-a06b-7c350001a1d9,Test_account_20220415_Shruti_00002,2022-04-17 00:00:00+00:00,1698088362000,1698088085842,"""{}""",
6500e306-95c6-4936-9a6a-6fd88804b909,100000,c40da5b1-b1c2-4f6f-9ce1-0c04ececa6a3,request-id-emd-3081-shrutia,2022-04-19 13:31:10.817000+00:00,1698088362000,1698088085733,"""{}""",
5fd67cfc-d24a-4ccd-8b03-871e580d7f17,300000,fd8915a0-373f-4966-be8e-29e2bffc5e6b,Test_account_20220420_00000027,2022-04-19 18:30:00+00:00,1698088362000,1698088085731,"""{}""",
4e801e6e-1da5-47ff-9ee3-463e49d64484,300000,7df12f87-75ae-4f2c-b172-a948902b6a9f,Test_account_20220423_00003,2022-04-22 18:30:00+00:00,1698088362000,1698088085559,"""{}""",
a8a4de8d-f7e9-44a9-95e8-0c4516eabf12,300000,94a9be33-6279-4c4c-9a26-e2f3a5f3baa9,Test_account_20220423_00002,2022-04-22 18:30:00+00:00,1698088362000,1698088085767,"""{}""",
aca4bbea-5bc8-456e-b2ad-4da78b06d5f6,300000,efe7440c-a4b3-4288-984e-c335722421d5,Test_account_20220423_00001,2022-04-22 18:30:00+00:00,1698088362000,1698088085769,"""{}""",
13ab2a53-cb09-45f6-9805-fb0a46a6f39d,300000,124388bd-e9d2-42ac-939b-6fedc34cdd2a,Test_account_20220423_000021,2022-04-24 18:30:00+00:00,1698088362000,1698088085516,"""{}""",
04202a4a-d76c-45f2-8534-90e3fe4b6136,300000,12538a98-cbf0-4270-aa9e-0aaaf95bfb87,Test_account_20220426_0009,2022-04-25 18:30:00+00:00,1698088362000,1698088085507,"""{}""",
14848b11-5d2a-4534-88f3-9a8c71e3245e,100000,e2566fc8-1db5-4586-ad76-1e477e1f4469,test111112121186,2022-04-25 18:30:00+00:00,1698088362000,1698088085516,"""{}""",
153b76a5-f4cd-451a-bdc6-1d19366a26bf,300000,483e6f99-92b4-4826-a002-3a4dd8727dee,Test_account_20220426_00015,2022-04-25 18:30:00+00:00,1698088362000,1698088085516,"""{}""",
1dd8d49e-ef33-4bd5-aca3-9b3b78b3acd2,300000,12a13faf-590a-45d4-8c28-a431331211ea,Test_account_20220426_00016,2022-04-25 18:30:00+00:00,1698088362000,1698088085520,"""{}""",
99886d46-9851-4074-8166-b18941e029f6,300000,9c2a106e-da38-40eb-9375-191da4eecaff,Test_account_20220426_0007,2022-04-25 18:30:00+00:00,1698088362000,1698088085759,"""{}""",
bfac9432-be33-490a-8e14-4985abab6316,300000,ea431c9c-7c1b-43bc-a3bf-af0a43121777,Test_account_20220426_00017,2022-04-25 18:30:00+00:00,1698088362000,1698088085849,"""{}""",
fe2dd5d0-36c0-46f3-a37b-b5646fd20077,300000,fe2c43d2-eecc-4461-a051-05b94cce5011,Test_account_20220426_00027,2022-04-25 18:30:00+00:00,1698088362000,1698088086043,"""{}""",
fd6a89ab-09c2-4960-aadd-97e1ae3d2812,100000,65bf30b4-630f-4cff-b6f6-7374e9dedd11,requestID-1012125332e341432108,2022-04-26 08:34:01.177000+00:00,1698088362000,1698088086043,"""{}""",
df93fdc3-a6e3-4942-a121-0c47a92baba2,100000,02693849-4547-41f1-863f-23a31b5b1a2a,atest11111212118015,2022-04-26 18:30:00+00:00,1698088362000,1698088085864,"""{}""",
7cfe29ec-b13c-4955-9bed-d7669f6c52dd,300000,c06ba6f4-5930-4824-b452-60e3a646f85b,Test_account_20220426_00028,2022-04-27 18:30:00+00:00,1698088362000,1698088085747,"""{}""",
1d199376-f8c7-4ed6-b990-c3a5b38505df,100000,1c0efd29-9de4-4faf-a7e3-a573cb171a94,16280184-bd0b-4181-9674-126dd5f0745_emerald_interest_rk_4,2022-01-02 00:00:00+00:00,1698088362000,1698088085519,"""{}""",
384c881a-ab82-4c67-a9bf-61872ae23f26,500000,1bd9adf6-94ce-4a0e-b616-cc37537ea989,16280184-bd0b-4181-9674-126dd5f0745_emerald_interest_rk_66,2022-01-02 00:00:00+00:00,1698088362000,1698088085550,"""{}""",
5088828f-daf9-4d11-9314-ed508bea9028,500000,002f0e57-4852-47e9-876c-1bc56dacab9c,16280184-bd0b-4181-9674-126dd5f0745_emerald_interest_rk_63,2022-01-02 00:00:00+00:00,1698088362000,1698088085560,"""{}""",
70e3dec3-9914-4ec5-915d-de5c013b4602,500000,0e5acd14-cf56-4182-8d0f-c32806ae86c6,16280184-bd0b-4181-9674-126dd5f0745_emerald_interest_rk_72,2022-01-02 00:00:00+00:00,1698088362000,1698088085741,"""{}""",
fc01bc4a-dee7-408c-80e2-4e362789c85c,500000,262c0896-362c-4cef-af81-12a1444e85b2,16280184-bd0b-4181-9674-126dd5f0745_emerald_interest_rk_71,2022-01-02 00:00:00+00:00,1698088362000,1698088085948,"""{}""",
2810c433-b4e6-4fff-8c13-8e397cc3e805,100000,355c90e6-ff1b-4bcb-a1a6-45ed44185a1f,16280184-bd0b-4181-9674-126dd5f0745_May_30_apg_156,2022-01-20 00:00:00+00:00,1698088362000,1698088085544,"""{}""",
665062bc-cfc7-4721-bc57-7aa4fab99bc5,200000,96849b54-bd50-4c55-893b-ed5a9fadfe4f,16280184-bd0b-4181-9674-126dd5f0745_May_30_apg_118,2022-01-20 00:00:00+00:00,1698088362000,1698088085734,"""{}""",
2c0139f3-7aed-4254-946f-815095b7ea3b,100000,ff9abcb2-799a-4a8d-869c-05f850bda01c,16280184-bd0b-4181-9674-126dd5f0745_18_1_18_stage_vu_4,2022-01-24 00:00:00+00:00,1698088362000,1698088085545,"""{}""",
adf29525-6a41-4a21-ad20-70272504f9f3,100000,0228b7eb-4913-4b51-bb9e-99f4fc7ba2cc,16280184-bd0b-4181-9674-126dd5f0745_18_1_18_preclosure_test,2022-01-24 00:00:00+00:00,1698088362000,1698088085820,"""{}""",
e6405152-bddd-4447-bf0a-5993512c7081,100000,2ee6c37c-ed2f-4d10-a023-fc62686ac387,16280184-bd0b-4181-9674-126dd5f0745_18_1_18_stage_vu_5,2022-01-24 00:00:00+00:00,1698088362000,1698088085868,"""{}""",
49d79bf2-70ed-42a8-972a-45f2e384421f,100000,2a1b625c-d7c7-45e7-bdfa-68c968078a52,16280184-bd0b-4181-9674-126dd5f0745_ssk_0913981068,2022-02-25 00:00:00+00:00,1698088362000,1698088085558,"""{}""",
750d5025-b321-404c-89f9-9b5e9efcd950,100000,04fe7203-69ac-4ebd-9138-5648a6c6608d,16280184-bd0b-4181-9674-126dd5f0745_ssk_9090191,2022-02-25 00:00:00+00:00,1698088362000,1698088085743,"""{}""",
7f7f6458-f6ac-4e59-991f-f12da36481a9,100000,541b1078-e6ab-4af8-be3c-c280f6dbda56,16280184-bd0b-4181-9674-126dd5f0745_ssk_9090121122912212,2022-02-25 00:00:00+00:00,1698088362000,1698088085748,"""{}""",
9803fe99-94d1-42c8-81d8-30650d107578,1000000,b275bdd9-5185-4788-b4be-11214e009f66,16280184-bd0b-4181-9674-126dd5f0745_ssk_90901122912212,2022-02-25 00:00:00+00:00,1698088362000,1698088085759,"""{}""",
9a9b0733-52a4-4827-af3b-b2363dd8919f,100000,f80e21a1-20cb-479e-932d-63b8481f2707,16280184-bd0b-4181-9674-126dd5f0745_ssk_091398104,2022-02-25 00:00:00+00:00,1698088362000,1698088085760,"""{}""",
a9d49e3a-2631-4852-ba86-0364fb2e57f5,5000000,4efa0d3a-902d-46d9-b0b5-84b251b914c5,16280184-bd0b-4181-9674-126dd5f0745_ssk_90900413,2022-02-25 00:00:00+00:00,1698088362000,1698088085768,"""{}""",
e4ea70a6-b99c-4946-b24a-12561b7edec7,100000,4d6115b3-870b-4d9d-b9e7-72ac2e9f79da,16280184-bd0b-4181-9674-126dd5f0745_ssk_091398101,2022-02-25 00:00:00+00:00,1698088362000,1698088085867,"""{}""",
f52c3166-43bc-490c-90b1-39d761a0f839,5000000,65f4b636-af82-4a4f-b75f-02f4f57b3ee1,16280184-bd0b-4181-9674-126dd5f0745_ssk_909004,2022-02-25 00:00:00+00:00,1698088362000,1698088085944,"""{}""",
bc8067bd-f4da-4787-b1ec-eb757fca1c8a,184365,e7310855-ca9a-489a-87cf-7dd72f55d000,Interest-App-Test-1896800401559662800-027,2022-03-01 00:00:00+00:00,1698088362000,1698088085847,"""{}""",
3daa0e7b-e8a5-440b-bd3a-c385419fb253,200000,d0af49cc-7364-4a1a-97d1-2aab410effee,requestID-xyz-demo_Test45,2022-03-09 16:10:36.100000+00:00,1698088362000,1698088085552,"""{}""",
024341d3-dfa1-4f59-ab44-d0ca71276069,1000000,e71aa518-3fe3-4975-85c0-98290933fcdf,Test313,2022-03-10 10:20:47.954000+00:00,1698088362000,1698088085505,"""{}""",
989b6a1d-b92f-4dc4-b11e-f5c290b1b5ad,1000000,ea5a597d-608d-45d4-b5c0-bfec836a3cfa,Test314,2022-03-10 10:49:45.684000+00:00,1698088362000,1698088085759,"""{}""",
3d3554c8-4f09-4b30-b26c-3ce9be23eb08,100000,e35aaf6a-0862-45c9-ba5a-2f609c62206c,requestID-1012125332e34143225,2022-03-15 11:04:08.196000+00:00,1698088362000,1698088085552,"""{}""",
f4040f22-3a42-4cd6-ab31-0f76f7e6a560,100000,bc80a256-0e93-4e07-924a-9ba8f2860978,requestID-1012125332e34143226,2022-03-15 11:09:37.291000+00:00,1698088362000,1698088085943,"""{}""",
6a7df37d-5631-4a7d-ba80-bcdf3560e486,100000,b8d2fb2c-cc21-4097-bb1b-7adfdbb23c2d,requestID-1012125332e34143227,2022-03-15 12:18:31.134000+00:00,1698088362000,1698088085735,"""{}""",
7c08c5ee-2dd3-41fd-81e0-8b329d95f4cb,100000,bda4fac0-76aa-4b8f-bb0e-c86b7261e059,request-id-emd-3034,2022-03-16 09:33:55.714000+00:00,1698088362000,1698088085746,"""{}""",
2351dc33-b003-4593-ac8c-72047743e300,100000,d98e2b51-69f1-4dc8-9dcc-85eaf869694c,request-id-emd-3038,2022-03-17 06:20:16.923000+00:00,1698088362000,1698088085542,"""{}""",
f4229354-2522-4286-8550-b0db4066e31a,100000,dd8b9f77-33cc-4085-949b-84f74ca0eeb1,request-id-emd-3042,2022-03-17 08:55:03.724000+00:00,1698088362000,1698088085944,"""{}""",
710e56e2-83c1-4d9b-838b-d30ad60286f7,100001,1ab83a58-8331-4f04-87a2-6592af3199f9,Test_account_20221121_test_19,2022-03-18 00:00:00+00:00,1698088362000,1698088085742,"""{}""",
ee4e30a2-fa43-46da-8144-4dcf69619805,100001,0daa02d8-cdbd-42fc-8b5c-b2e19e2f31d7,Test_account_20221128_oc_12,2022-03-21 00:00:00+00:00,1698088362000,1698088085940,"""{}""",
26953b55-6365-49c3-9bc2-d41bd2172a19,100001,6e40fa2b-3cf0-4dbc-9f0c-eaeb4a616c21,Test_account_20221202_epiTest_2,2022-03-24 00:00:00+00:00,1698088362000,1698088085544,"""{}""",
c6486d52-c81c-4c60-a3e3-9ee37ed33399,100000,92061555-d843-4063-94c0-44ba69b24b9b,request-id-emd-3063,2022-03-24 10:22:02.260000+00:00,1698088362000,1698088085852,"""{}""",
44e36504-07ff-4ff7-93e2-5e4252c1ec20,50000000,8a1b31cf-b1c3-4941-ac38-f97d5e222605,Interest-App-Test-1911042500732320702-042,2022-03-26 00:00:00+00:00,1698088362000,1698088085556,"""{}""",
50772434-8433-4bb9-8a4c-3c93926bdf12,50000000,b35a9e8c-8d10-4b4e-bce8-f7ded41d82d2,Interest-App-Test-1896800401559662800-044,2022-03-26 00:00:00+00:00,1698088362000,1698088085560,"""{}""",
8ddcc93d-d267-4f31-b407-b194f51240f8,300000,4879fedf-7703-4b4a-a2b8-80e04bc9918a,arch_Test_account_20220326_0008,2022-03-26 00:00:00+00:00,1698088362000,1698088085754,"""{}""",
90668997-4516-478d-b534-e140cef3d352,300000,d6d38c31-ee66-4284-8b67-f4a3e11a6f07,arch_Test_account_20220326_000020,2022-03-26 00:00:00+00:00,1698088362000,1698088085755,"""{}""",
efd3f8b3-257c-4794-a286-7eb5f76929e7,300000,2ad3a972-b944-4252-ad4e-f540b559122b,arch_Test_account_20220326_0009,2022-03-26 00:00:00+00:00,1698088362000,1698088085941,"""{}""",
f84b8441-6e6b-4b93-b14a-c27ed3409903,300000,c6d4aca0-5724-4f1a-9de4-29c63d3f1376,arch_Test_account_20220326_0001,2022-03-26 00:00:00+00:00,1698088362000,1698088085946,"""{}""",
fdbb5fcc-f789-47cc-89d9-262c76bbe96c,100000,005afacc-49a5-4fb8-bb56-e6af3e3c0278,requestID-1012125332e34143243,2022-03-28 06:49:52.944000+00:00,1698088362000,1698088086043,"""{}""",
92ef258d-d1e0-448f-9917-7e3eb33c42e4,100000,5acfb8a9-5a39-4a20-b732-cb2e2599fad9,request-id-emd-3070,2022-03-29 06:40:51.874000+00:00,1698088362000,1698088085757,"""{}""",
13a4d1db-05b4-4c2e-8e53-2b81db5acfb8,300000,05c28931-da45-428d-91d2-978b284fb92f,arch_Test_account_20220329_00008,2022-03-30 00:00:00+00:00,1698088362000,1698088085515,"""{}""",
bb10de24-4c32-45c2-9c06-8e57a21608c5,100000,b5992766-8352-466b-a0e4-dc256285d096,request-id-emd-3071,2022-03-30 05:06:12.555000+00:00,1698088362000,1698088085846,"""{}""",
82d313e8-2f3b-4424-be0a-0ae76b132f58,100000,30dcf8f1-1f8d-4015-bd72-97bf0edbe1e9,request-id-emd-3072,2022-03-30 05:06:41.810000+00:00,1698088362000,1698088085749,"""{}""",
9f1c2d78-c862-4ab4-a6ab-00a461dac2c9,300000,1a7a2096-371b-44d3-9528-94d9d5433369,arch_Test_account_20220330_00001,2022-03-31 00:00:00+00:00,1698088362000,1698088085762,"""{}""",
3823d8db-4cb5-418a-b729-aaa21af748ca,297000,316fe186-bbba-4cd0-81e8-1d5be2a263fb,arch_Test_account_20220403_0003,2022-04-03 00:00:00+00:00,1698088362000,1698088085550,"""{}""",
7ee460f4-a2c1-40ea-85f8-00ce57e67395,300000,dbb5ace5-aaf7-400b-879c-b4ca708d7764,arch_Test_account_20220403_00013,2022-04-03 00:00:00+00:00,1698088362000,1698088085747,"""{}""",
b17f675c-691e-462d-8def-b8672a77ca7b,300000,f9841176-d8b0-4378-82f7-f4cfe4fa9b56,arch_Test_account_20220403_00012,2022-04-03 00:00:00+00:00,1698088362000,1698088085841,"""{}""",
d1698931-e5a4-4372-b77d-11364fa98c28,300000,d63a006e-a9de-456b-9876-9dffab10bfaf,arch_Test_account_20220403_00017,2022-04-03 00:00:00+00:00,1698088362000,1698088085858,"""{}""",
dd5f4684-9158-48c1-bcd0-05f1fad1bff4,300000,f2e7f093-8eee-4729-95c1-e56890fd5f99,arch_Test_account_20220330_00008,2022-04-03 00:00:00+00:00,1698088362000,1698088085863,"""{}""",
f012fef1-89bd-49ae-93ea-95f4c90cf886,300000,59eaed57-df5c-4102-b6ea-73e31bc5d580,arch_Test_account_20220330_000011,2022-04-03 00:00:00+00:00,1698088362000,1698088085941,"""{}""",
3c57d982-089e-4e73-b99a-a2576a2f9846,300000,db7bc295-2755-4a23-a5eb-f955bda2f4cc,arch_Test_account_20220403_00022,2022-04-04 00:00:00+00:00,1698088362000,1698088085552,"""{}""",
0c5d4f9b-07ed-4340-9949-c4d1d4f1cb07,300000,7117ceb9-39b6-4ff3-8f25-56922dff6ddc,arch_Test_account_20220405_000002,2022-04-05 00:00:00+00:00,1698088362000,1698088085511,"""{}""",
8896b800-6382-4ea8-9a1a-2fc0213e4e9a,297000,05237ad0-2759-4f2f-93b7-1fdd98b4f752,arch_Test_account_20220405_000013,2022-04-05 00:00:00+00:00,1698088362000,1698088085752,"""{}""",
ac94a896-c1ad-4700-96fc-261075147c76,297000,1766f662-c984-4c42-a241-8d4f6a5d04d4,arch_Test_account_20220405_000011,2022-04-05 00:00:00+00:00,1698088362000,1698088085769,"""{}""",
e84bac25-cb19-4c41-8709-998bec9eff88,297000,1ad3ed08-16af-4318-92b5-269a9a61f308,arch_Test_account_20220405_000015,2022-04-05 00:00:00+00:00,1698088362000,1698088085869,"""{}""",
fa96d335-84f1-479f-a66f-d04f1fd1259d,297000,6338d1f6-1036-46d7-8148-9ccd92e57ab8,arch_Test_account_20220405_000005,2022-04-05 00:00:00+00:00,1698088362000,1698088085947,"""{}""",
bc625a8d-9bf5-4a7e-baa1-d148d6d1ed38,149000,32ec5088-ef9e-446e-9979-8bd5c0bde294,test_loan_wread,2022-04-06 00:00:00+00:00,1698088362000,1698088085847,"""{}""",
a37c48d7-5fe8-458e-8def-f697611c10e0,100001,eb625249-a81a-467b-bf34-e21d65af9c5d,Test_account_2023_05_01_4,2022-04-07 00:00:00+00:00,1698088362000,1698088085764,"""{}""",
4a3af6eb-eb7a-4eef-814d-59d9a9a9a9dc,500000,5fa6a4c3-432a-4c64-8a46-60135158a45b,requestID-1012125332e34143284,2022-04-07 07:13:08.481000+00:00,1698088362000,1698088085558,"""{}""",
260a9f4c-c1df-4db7-ae33-7b08abd268da,100000,04bd4dd9-c2bb-4023-a183-3a1c7addafaa,request-id-emd-3080,2022-04-07 09:17:44.090000+00:00,1698088362000,1698088085543,"""{}""",
94df45ee-7612-4f71-813e-3b9cead6a328,100000,f4bb79dc-f888-4165-adad-58adee60743a,requestID-1012125332e34143296,2022-04-08 06:22:43.117000+00:00,1698088362000,1698088085758,"""{}""",
207b1746-60e3-4161-86dd-e6f6c7a257e0,295000,b84ce350-99cf-40cd-9a1b-d1272d4906e8,Test_account_20220412_0010,2022-04-13 00:00:00+00:00,1698088362000,1698088085541,"""{}""",
54ad74fe-0df0-4764-9035-4dc6cbc377b9,295000,f671341f-aedc-4be3-9327-001d9dbbbb40,Test_account_20220415_02_05,2022-04-15 00:00:00+00:00,1698088362000,1698088085562,"""{}""",
33d763ed-41b1-419c-ab04-8f2a3c726d9d,300000,1ff23db8-b1f5-4dbc-8593-d5dabcde924e,Test_account_20220420_00000021,2022-04-19 18:30:00+00:00,1698088362000,1698088085548,"""{}""",
606e49a2-5992-401d-8107-6e2fd082511e,1000000,5c25f2ce-c5ca-46e3-9cf6-b59cd930a82d,request59866778745,2022-04-21 09:58:48.506000+00:00,1698088362000,1698088085731,"""{}""",
dc589bee-541f-44c9-8fe5-80d2aa400743,300000,fd8dc111-2599-4fc1-9932-5f23e99795ee,Test_account_20220420_00000038,2022-04-22 18:30:00+00:00,1698088362000,1698088085862,"""{}""",
151dff16-c71a-4e5d-a56c-9f1faec6141f,300000,9e1e3546-746e-4904-a899-c8a802fceb5d,Test_account_20220423_000014,2022-04-23 18:30:00+00:00,1698088362000,1698088085516,"""{}""",
38c21a82-5590-4d16-be7a-8cfb9b7b0a6f,500000,fad08819-5151-4dec-9700-ca6e610356dd,16280184-bd0b-4181-9674-126dd5f0745_emerald_interest_rk_60,2022-01-02 00:00:00+00:00,1698088362000,1698088085551,"""{}""",
84be2e15-d6f8-4b98-8af9-5b4f01474e69,500000,4de8d252-2d2e-45bd-a473-76296282fbe9,16280184-bd0b-4181-9674-126dd5f0745_emerald_interest_rk_67,2022-01-02 00:00:00+00:00,1698088362000,1698088085750,"""{}""",
8950e7bc-ba2b-438d-8087-5a15472ef287,500000,86ad6ec9-4be6-417c-8acd-725f41cd3078,16280184-bd0b-4181-9674-126dd5f0745_emerald_interest_rk_182,2022-01-02 00:00:00+00:00,1698088362000,1698088085752,"""{}""",
98972c43-8161-4d2e-b7b1-b5567b419c9a,1000000,3e32854d-36f0-4f5e-b1a8-d762955bdfc2,Interest-App-Test-1896800401559662800-020,2022-01-02 00:00:00+00:00,1698088362000,1698088085759,"""{}""",
affe464a-e246-41c5-8466-69d73ae9b53d,500000,b06e66af-e6d7-4eea-83c0-56c490de757b,16280184-bd0b-4181-9674-126dd5f0745_emerald_interest_rk_74,2022-01-02 00:00:00+00:00,1698088362000,1698088085840,"""{}""",
838ef3d0-5df8-4321-a8e6-0da5c629fb3d,100000,d6e4db94-30b9-4991-8beb-f72a93c34238,16280184-bd0b-4181-9674-126dd5f0745_18_1_18_tt_3,2022-01-24 00:00:00+00:00,1698088362000,1698088085750,"""{}""",
94c41726-d859-42ba-872c-5fa48b8ee20c,100000,386b2538-bb75-4c64-b330-c30ca7b9900c,16280184-bd0b-4181-9674-126dd5f0745_18_1_18_stage_vu_6,2022-01-24 00:00:00+00:00,1698088362000,1698088085758,"""{}""",
e9de1849-f085-493d-b15d-3a21cb85ea56,149900,7f7d92b2-27f4-4f63-961b-39bc808d519b,test23312121211,2022-02-10 00:00:00+00:00,1698088362000,1698088085870,"""{}""",
e5bf4abb-af67-45a2-909a-3e756d2dfda9,2999800,25233630-c4cb-4d0f-8968-f0160fdde4b6,test233121212183,2022-02-11 00:00:00+00:00,1698088362000,1698088085868,"""{}""",
09fe32a7-7a2c-47cf-9eb5-00313cbca651,100000,a538c53d-e4f2-4ec8-bfc0-439549ef1e59,16280184-bd0b-4181-9674-126dd5f0745_ssk_0913981102323,2022-02-25 00:00:00+00:00,1698088362000,1698088085509,"""{}""",
581a79ee-50ae-4f70-9f71-bf94c234c5b6,5000000,0168a9d8-8b27-4278-80e4-5c0e7566983a,16280184-bd0b-4181-9674-126dd5f0745_ssk_909002,2022-02-25 00:00:00+00:00,1698088362000,1698088085728,"""{}""",
826d8bbb-bbaa-4c07-be4a-e691b44c8154,5000000,7090374a-553b-42df-b552-065e33396023,16280184-bd0b-4181-9674-126dd5f0745_ssk_9090041455,2022-02-25 00:00:00+00:00,1698088362000,1698088085749,"""{}""",
b06a30e2-9705-4715-80c0-30c495712159,100000,8b4ddd62-6fa9-4121-9075-5d51c0e0dad6,16280184-bd0b-4181-9674-126dd5f0745_ssk_091398103,2022-02-25 00:00:00+00:00,1698088362000,1698088085841,"""{}""",
f0023c7c-b6d2-4d91-9b1b-7c88f842b711,100000,1f52c763-7e86-4552-a9c8-890be1410cdb,16280184-bd0b-4181-9674-126dd5f0745_ssk_0913981066,2022-02-25 00:00:00+00:00,1698088362000,1698088085941,"""{}""",
f0c780a5-681a-413a-82b1-fcd56b9f0165,100000,8b488653-c9de-43bf-a248-cbef2acaf8a9,16280184-bd0b-4181-9674-126dd5f0745_ssk_091398106,2022-02-25 00:00:00+00:00,1698088362000,1698088085942,"""{}""",
0030cad0-6eb1-4a31-90f0-b13603e9bcbb,184365,0deb7ac7-45de-47f0-8835-046ceeb08a02,Interest-App-Test-1896800401559662800-026,2022-03-01 00:00:00+00:00,1698088362000,1698088085503,"""{}""",
034b1d7f-2885-4ead-8e12-77e82a5cf480,16000000,c2b26046-6b5c-4cfc-9674-5fbeb9851c44,Interest-App-Test-1896800401559662800-031,2022-03-01 00:00:00+00:00,1698088362000,1698088085506,"""{}""",
13899a4d-bc81-475b-91d4-f4cca6821518,50000000,b88c22dc-a7bf-4721-9fba-459cd4704587,Interest-App-Test-1896800401559662800-040,2022-03-01 00:00:00+00:00,1698088362000,1698088085515,"""{}""",
416cc2f8-5da8-448c-a909-7ac459bca23e,184365,0eb93bff-1ed5-4ec8-afc7-fd116d74a5f1,Interest-App-Test-2015465763741456594-025,2022-03-01 00:00:00+00:00,1698088362000,1698088085554,"""{}""",
f64db7dd-bffa-40d4-acd3-20fc83ed583f,100000,73b3e452-668c-4001-8cff-42b1dd9c0b49,request-id-emd-3024,2022-03-15 06:36:15.625000+00:00,1698088362000,1698088085945,"""{}""",
b40a0c52-1500-4351-9b46-7a63639cdf86,1000000,2e6891fc-d602-4a6f-962c-be332bbe4a3e,Test316,2022-03-15 08:55:45.680000+00:00,1698088362000,1698088085843,"""{}""",
7627cde2-1e38-41c1-a7df-f265bbcb4b0a,100000,15f647b2-ccb8-45c3-bd46-03dd1afaa515,request-id-emd-3031,2022-03-16 07:23:40.225000+00:00,1698088362000,1698088085744,"""{}""",
4243bafe-d8b5-464a-9938-890be7ff52e2,100000,0bc8f69d-1a02-42ce-a8e3-668693bb9373,request-id-emd-3045,2022-03-17 06:51:54.706000+00:00,1698088362000,1698088085554,"""{}""",
1e8f07d4-322f-4ac8-ac20-a34b690d42b6,100000,3899d2ee-20b8-47bd-90bb-5331db2e4b78,request-id-emd-3044,2022-03-17 09:56:29.295000+00:00,1698088362000,1698088085540,"""{}""",
b34d2ff1-6fc7-4862-a4ae-b84e92708fd5,149801,c8343b93-1a94-4670-b401-4062c390b541,testing_aion_emerald_workers_nov_25_5,2022-03-18 00:00:00+00:00,1698088362000,1698088085842,"""{}""",
b5177bea-8e23-4f33-b28f-8945dd10bde1,100001,7f331db3-8ca0-42ed-92d8-c809dce67b1e,Test_account_20221121_test_24,2022-03-18 00:00:00+00:00,1698088362000,1698088085843,"""{}""",
c11f31e4-3e4d-4cc4-a122-b506ad118965,150001,66a79006-a581-451a-bf52-755f11835801,Test_account_20221121_workerTesting_1,2022-03-18 00:00:00+00:00,1698088362000,1698088085850,"""{}""",
fba6d76f-588f-4b68-9ac5-b62b7f4e3e62,100001,f8636e9f-52a3-47e7-8a3b-2b3bf57c3112,Test_account_20221121_test_11,2022-03-18 00:00:00+00:00,1698088362000,1698088085948,"""{}""",
494a695c-18a2-4bcf-ae35-aa30a6f3e8d6,100001,09f0d878-9f33-46b2-b68d-55b37751e835,Test_account_20221121_epiTest_3,2022-03-21 00:00:00+00:00,1698088362000,1698088085557,"""{}""",
619f3c59-6e90-4968-b22c-de624057fc8f,100001,20f33ac5-cdfe-4120-bc70-0194ce4e3df9,Test_account_20221128_oc_17,2022-03-21 00:00:00+00:00,1698088362000,1698088085732,"""{}""",
e731356b-2deb-4774-af50-24e4878029d8,100001,70a543c4-dc6d-4bc2-a43d-49e48a335fa5,Test_account_20221128_oc_6,2022-03-21 00:00:00+00:00,1698088362000,1698088085869,"""{}""",
4a99914f-0d44-4933-9f6e-7757600a4b98,100000,c987879a-ba5a-4f0d-917a-3913bd7e6743,request-id-emd-3046,2022-03-21 07:07:05.709000+00:00,1698088362000,1698088085558,"""{}""",
12881e3f-f30d-45e5-8a46-035ac14b3a4c,100000,1a596941-b658-4f77-813a-0f5645ccd9da,request-id-emd-3047,2022-03-21 07:08:48.779000+00:00,1698088362000,1698088085515,"""{}""",
75d8e0c2-d138-41b2-a818-ef168049b1cf,100000,d90352e5-bd28-4870-b0bc-ebd9c6ddec9b,request-id-emd-3051,2022-03-21 10:45:54.100000+00:00,1698088362000,1698088085744,"""{}""",
0145b26a-d790-4555-ae0f-24298beafb89,300000,f67b5b48-675f-4b45-b78c-e6d27311d7d5,arch_Test_account_20220326_00010,2022-03-26 00:00:00+00:00,1698088362000,1698088085505,"""{}""",
772b8ee0-0ca1-49ce-8267-1fa494784980,300000,8c4e3564-9dbd-4d58-9c33-2858b5c027fe,arch_Test_account_20220326_00011,2022-03-26 00:00:00+00:00,1698088362000,1698088085744,"""{}""",
81f730e5-a0b4-42bd-923e-dbffe1a3dd4c,300000,5748c64f-7df3-40df-9333-856e35ef0899,arch_Test_account_20220326_00013,2022-03-26 00:00:00+00:00,1698088362000,1698088085749,"""{}""",
b1d84a08-afc2-4de1-b4ac-f888fec1f520,300000,03c1fbc6-abb9-4955-b846-281f133a96ea,arch_Test_account_20220326_00012,2022-03-26 00:00:00+00:00,1698088362000,1698088085842,"""{}""",
e4ed3536-1e0b-4cb4-b73e-b89ad1556e58,300000,d04b4c2c-1948-45e6-8ef5-335646fe8705,arch_Test_account_20220326_00014,2022-03-26 00:00:00+00:00,1698088362000,1698088085867,"""{}""",
1415c327-c278-472d-9a14-fc62a139780a,100000,810915de-4c7f-465f-8e61-f9acd852e3a2,requestID-1012125332e34143244,2022-03-28 06:56:07.925000+00:00,1698088362000,1698088085516,"""{}""",
88446bfd-6321-41ee-8d23-ff1f787b6ac8,100000,8329d589-a7bb-4282-b270-5b2d524897ca,request-id-emd-3068,2022-03-29 06:40:51.969000+00:00,1698088362000,1698088085752,"""{}""",
066a4947-04a7-4f15-b55b-60c79a331046,100000,e2782ce0-063a-42d4-9ed0-1065d6502cfb,requestID-1012125332e34143250,2022-03-31 06:35:20.068000+00:00,1698088362000,1698088085508,"""{}""",
4864c6ce-bace-44dd-94b6-419999cf51bc,100000,1691106f-d8fd-425f-a84a-a543ce9aab87,requestID-1012125332e34143251,2022-03-31 09:08:48.578000+00:00,1698088362000,1698088085557,"""{}""",
683bc4bb-b360-473c-b00d-6a099aa4235b,300000,baf4f1b9-7066-42b1-9835-135cd7ff7ff4,arch_Test_account_20220330_000010,2022-04-03 00:00:00+00:00,1698088362000,1698088085735,"""{}""",
e86812a3-f2e1-489c-b562-57a36935bc2b,300000,2008139e-3532-41e5-85b7-d1ea0bf553e9,arch_Test_account_20220403_00015,2022-04-03 00:00:00+00:00,1698088362000,1698088085869,"""{}""",
5fdde988-7c2a-4e2c-a2a4-0cc92b9b91e8,300000,acfeef66-f489-4b8d-be59-356ac52181a6,arch_Test_account_20220403_00019,2022-04-04 00:00:00+00:00,1698088362000,1698088085731,"""{}""",
d1ff71af-b31e-4bac-a0d6-c9e150233814,500000,6f2c0d6c-d65c-4cfa-9e5f-6ca941300d96,requestID-1012125332e34143275,2022-04-04 11:49:02.385000+00:00,1698088362000,1698088085858,"""{}""",
0f57278e-7f0d-4b11-b3ab-3cd6f8ce4674,297000,041288da-49b1-40ef-89ce-696087959de4,arch_Test_account_20220405_000012,2022-04-05 00:00:00+00:00,1698088362000,1698088085513,"""{}""",
5b2a8fe4-84af-47a4-90ce-431e411dc66e,297000,bb8618a2-ed0d-48fd-9996-98df7a96afb8,arch_Test_account_20220405_000010,2022-04-05 00:00:00+00:00,1698088362000,1698088085729,"""{}""",
990cb8f3-2309-4cdc-8c64-19e6a55436ec,297000,9a5472e0-c4aa-4d9b-a655-906bc9a50ff8,arch_Test_account_20220405_000004,2022-04-05 00:00:00+00:00,1698088362000,1698088085759,"""{}""",
bb93ddba-396c-40a0-90fa-c0aed235fc47,297000,5e48a1d6-2bf4-4fa4-92eb-168f7023dcab,arch_Test_account_20220405_000014,2022-04-05 00:00:00+00:00,1698088362000,1698088085847,"""{}""",
e8d332d3-ff80-455c-b280-47272b41e8d4,297000,225fc8cb-d61f-466a-8ff8-1fadf357780a,arch_Test_account_20220405_000007,2022-04-05 00:00:00+00:00,1698088362000,1698088085870,"""{}""",
9c2630cc-0df0-4f17-881f-d667ba6f6f25,500000,bef274ed-1522-40bb-a101-28bb16b53c6f,requestID-1012125332e34143285,2022-04-07 09:39:20.292000+00:00,1698088362000,1698088085761,"""{}""",
11539768-7a43-4776-a5fa-102a35eeff8b,100000,06848ee1-1d67-47f1-9ca7-c8bedb70922c,requestID-1012125332e34143293,2022-04-08 05:18:44.701000+00:00,1698088362000,1698088085514,"""{}""",
adf92647-3d52-48e7-8a61-39dd0b422933,100000,474078e4-3e80-4b21-bdd7-59267652e0c7,requestID-1012125332e34143294,2022-04-08 05:55:18.826000+00:00,1698088362000,1698088085820,"""{}""",
db82e964-92a8-4a84-b7fe-ad20b97ced9d,100000,9c4325fc-d9d7-4c84-a5fb-534cae94198d,requestID-1012125332e34143295,2022-04-08 06:22:43.444000+00:00,1698088362000,1698088085862,"""{}""",
32b635dd-7760-4210-9f27-9dd0e9e7b2b3,295000,8619e24a-722d-49d8-a32f-933da6779bf9,Test_account_20220412_0020,2022-04-13 00:00:00+00:00,1698088362000,1698088085548,"""{}""",
3c42de42-d9b6-4a21-908f-5c2c3ac7c0da,295000,edf964bc-0296-4bff-b4b8-74ec08fb86dd,Test_account_20220415_02_014,2022-04-16 00:00:00+00:00,1698088362000,1698088085551,"""{}""",
afd17f76-6b98-43f5-ab6a-d651f56e5d9b,295000,4e88efb7-be01-442d-9b56-588c87101da4,Test_account_20220415_02_013,2022-04-16 00:00:00+00:00,1698088362000,1698088085840,"""{}""",
1abf073c-a699-497d-bff3-357a38f1e518,101000,9f8f6288-d03f-41d0-9f9a-f86380546e3f,Test_account_20220415_Shruti_00008_retry_1,2022-04-19 00:00:00+00:00,1698088362000,1698088085518,"""{}""",
040be481-46bf-4c7e-a21d-43f04ffdcdd2,300000,76cab874-3ca6-46d9-815e-453de4d85090,Test_account_20220420_00000034,2022-04-19 18:30:00+00:00,1698088362000,1698088085506,"""{}""",
89765847-3b88-4526-b3cd-d1269bef9f13,100001,f47c8173-4438-40f7-963c-7b77f82c0b25,Test_account_worker_test_1,2022-04-19 18:30:00+00:00,1698088362000,1698088085752,"""{}""",
9ac34e7f-ae37-4471-adf8-32eb582b95ef,300000,aa8228d8-a2c2-478e-a205-34bd28f8218e,Test_account_20220420_00000029,2022-04-19 18:30:00+00:00,1698088362000,1698088085760,"""{}""",
23b9361c-e49f-4eaf-98ec-d9faf778c143,300000,d0194926-0a9e-4468-b121-b8a5aa5b02b9,Test_account_20220423_00007,2022-04-23 18:30:00+00:00,1698088362000,1698088085543,"""{}""",
3a30295e-42f2-4a1b-ac95-3626920a0520,300000,c3fa9b62-19b6-48a7-881b-5623aab53589,Test_account_20220423_000022,2022-04-24 18:30:00+00:00,1698088362000,1698088085551,"""{}""",
073b85b5-34a8-4e4d-8302-ae9c7abd6a03,300000,52de5439-b881-4995-8025-651777966a69,Test_account_20220426_00010,2022-04-25 18:30:00+00:00,1698088362000,1698088085508,"""{}""",
45aebb03-8d4d-41dc-814e-5a5c34da6401,300000,d01cc8e0-afb3-4987-8035-a750568ff2c3,Test_account_20220426_0006,2022-04-25 18:30:00+00:00,1698088362000,1698088085556,"""{}""",
c5270482-784b-4397-9378-4541a24886e4,100000,f0c3b042-c215-4abc-9cb8-657e6863ae3a,testbuag81819919,2022-04-25 18:30:00+00:00,1698088362000,1698088085852,"""{}""",
e36c16f0-8399-4f6a-85a2-a12ed94c460f,300000,9c2e8029-fe79-4a18-9f97-a69475da2879,Test_account_20220426_00023,2022-04-25 18:30:00+00:00,1698088362000,1698088085866,"""{}""",
f9a28f0b-6333-4de1-b570-6c2fbbffda54,100000,eece0a59-9373-47c6-9327-b459fcb13c43,atest11111212118007,2022-04-25 18:30:00+00:00,1698088362000,1698088085947,"""{}""",
015a3328-a28d-4b6a-97f3-8a1076aa2137,300000,a8529e80-b0bd-4f98-a33a-3062f4db5924,Test_account_20220426_00029,2022-04-27 18:30:00+00:00,1698088362000,1698088085505,"""{}""",
74d6d5fb-573c-41bd-aa2d-e212bb8cae16,1500000,d5ed0196-d387-4808-b548-95123ac687cf,test111112121201,2022-04-27 18:30:00+00:00,1698088362000,1698088085743,"""{}""",
0b97db94-5b40-44b4-8be1-5972b66172c7,500000,f3ac87ed-fa92-4ff0-825d-8261b11311cc,16280184-bd0b-4181-9674-126dd5f0745_emerald_interest_rk_61,2022-01-02 00:00:00+00:00,1698088362000,1698088085511,"""{}""",
a9448dac-def2-4cc0-8c1f-b254a8318816,500000,6b183c0b-2f29-405d-ac18-cefb75adbe13,16280184-bd0b-4181-9674-126dd5f0745_emerald_interest_rk_75,2022-01-02 00:00:00+00:00,1698088362000,1698088085767,"""{}""",
e262aa12-97f4-4e1c-8efd-1d63b836039c,500000,c64b6d74-6f7f-45a3-854e-06326e16504f,16280184-bd0b-4181-9674-126dd5f0745_emerald_interest_rk_73,2022-01-02 00:00:00+00:00,1698088362000,1698088085866,"""{}""",
19c5619e-2d19-47ca-a98f-7f5aebb27ce8,100000,09faebdc-a74f-4b99-a05b-25b1675abfd2,16280184-bd0b-4181-9674-126dd5f0745_May_30_apg_116,2022-01-20 00:00:00+00:00,1698088362000,1698088085518,"""{}""",
88102492-d122-42c3-a627-7f6a2d070e77,100000,d43ddbd3-b1dd-4d67-af48-7a6e8e3cfc62,16280184-bd0b-4181-9674-126dd5f0745_18_1_18_stage_vu_3,2022-01-24 00:00:00+00:00,1698088362000,1698088085752,"""{}""",
df245e49-d974-4719-bff5-02bb7b9ab3b0,1000000,fd987d1b-98e4-4ff4-ad1b-958b872184fe,Interest-App-Test-1896800401559662800-018,2022-01-31 00:00:00+00:00,1698088362000,1698088085864,"""{}""",
88529301-b63a-4053-aff1-e2d8995632ab,300000,041bb06a-168f-4040-b3b5-7e4e74f33ac3,Test_account_20220420_00000026,2022-02-13 18:30:00+00:00,1698088362000,1698088085752,"""{}""",
00b7b71f-8ab8-4a77-a804-a7fbc4d5de89,2950000,78ca491e-786f-4812-9b83-59ad69f8c94f,test23312121120,2022-02-25 00:00:00+00:00,1698088362000,1698088085504,"""{}""",
15503323-d3fb-4698-b565-e86c59d8408f,100000,75ec905f-fdc2-4f84-ab4b-dac79b1f894c,16280184-bd0b-4181-9674-126dd5f0745_ssk_091398105,2022-02-25 00:00:00+00:00,1698088362000,1698088085516,"""{}""",
17a4d1fe-dc5d-47c8-bee9-63f830b6b6f5,100000,b8cee746-15ed-41d5-ac82-5e4e5bc16242,16280184-bd0b-4181-9674-126dd5f0745_ssk_909012112291221223,2022-02-25 00:00:00+00:00,1698088362000,1698088085517,"""{}""",
87f965e2-f982-4ffb-bfa0-087025e75c5d,100000,c5ca27db-2305-4d82-a74e-2d3a61d33f7d,16280184-bd0b-4181-9674-126dd5f0745_ssk_0913981069,2022-02-25 00:00:00+00:00,1698088362000,1698088085751,"""{}""",
95a28a2c-93d0-41a8-a7de-a0e77c34d425,100000,8998eb85-1d17-40c7-aa09-6831727d6c7d,16280184-bd0b-4181-9674-126dd5f0745_ssk_9090192,2022-02-25 00:00:00+00:00,1698088362000,1698088085758,"""{}""",
afe4f5b3-9074-4a1a-ae64-d5e8010ea6c7,100000,1c65c732-9582-4e59-a19c-f30e6ec487c8,16280184-bd0b-4181-9674-126dd5f0745_ssk_091398102,2022-02-25 00:00:00+00:00,1698088362000,1698088085840,"""{}""",
45235797-ee28-4b76-9313-3423888aafd3,16000000,c04baf79-21f0-4640-983c-0857cbb54a59,Interest-App-Test-1896800401559662800-030,2022-03-01 00:00:00+00:00,1698088362000,1698088085556,"""{}""",
7d5b4238-6934-47fc-86f9-9921da73db54,184365,d07ccfbe-e615-4d96-8886-8439707ba932,Interest-App-Test-1896800401559662800-028,2022-03-01 00:00:00+00:00,1698088362000,1698088085747,"""{}""",
b05c8cc2-1734-4ccf-8b3e-353f62f2dcf4,50000000,54079771-00c9-440b-9ebd-53aced8fb045,Interest-App-Test-1896800401559662800-036,2022-03-01 00:00:00+00:00,1698088362000,1698088085841,"""{}""",
2d0eb922-5336-45cc-9c51-caca2a151df7,100000,8670cb40-8e9a-40ca-af80-033ac8eae14c,request-id-emd-3025,2022-03-15 08:07:28.017000+00:00,1698088362000,1698088085546,"""{}""",
a2b84220-54b8-4964-879f-3c03cb63fc98,100000,2311faef-71a5-43c0-a386-b5697d9b5fcd,request-id-emd-3035,2022-03-17 05:54:51.329000+00:00,1698088362000,1698088085764,"""{}""",
7ec80af2-790d-469a-9721-0bc1f344c15f,100000,40ffa48e-a0f5-42f8-85d8-f30e2b0bce6c,request-id-emd-3039,2022-03-17 08:17:40.043000+00:00,1698088362000,1698088085747,"""{}""",
4f684f52-1ec3-47db-af01-3edb5f5b40f8,100000,503b9b9d-a66d-47b7-a303-4a81eb06fd87,request-id-emd-3065,2022-03-17 09:39:21.388000+00:00,1698088362000,1698088085560,"""{}""",
75eded8e-14f4-4eb4-b93c-821975a8710d,100001,3e089df3-d582-457d-9a3c-df88b4b152ec,Test_account_20221121_test_17,2022-03-18 00:00:00+00:00,1698088362000,1698088085744,"""{}""",
d3d9cf3d-e837-4802-8855-1f806c5116fa,149801,d87c976e-9b49-41b9-a00b-bcef41db7edb,testing_aion_emerald_workers_nov_25_2,2022-03-18 00:00:00+00:00,1698088362000,1698088085859,"""{}""",
9051f403-6ac5-4302-a04c-b2afc9c9b7d7,800000,f1f170fd-bb13-4132-b0d7-fd94562a13a2,Test_account_20221129_oc_2,2022-03-21 00:00:00+00:00,1698088362000,1698088085755,"""{}""",
48804555-de45-43bd-85e7-0ed3f5ca51ec,100000,6b77fec3-a2b0-4c45-b14b-1f40cc0c7006,requestID-1012125332e34143233,2022-03-23 05:31:43.610000+00:00,1698088362000,1698088085557,"""{}""",
ad2c0de4-d33b-4baa-8bcc-5c4075942c8d,100001,f618cf25-10fb-49a9-ada4-3265aa310e44,Test_account_20221201_epiTest_10,2022-03-24 00:00:00+00:00,1698088362000,1698088085819,"""{}""",
cb7abac3-b0d7-4ddb-930f-479f80279db4,100001,f21768ec-8ff7-4bbc-a62b-781b2fcfdef7,Test_account_20221201_epiTest_9,2022-03-24 00:00:00+00:00,1698088362000,1698088085855,"""{}""",
cdeada17-441c-450f-9a35-a790b4dc68ed,100001,a4707327-2b18-48ee-b608-d0c44d747752,Test_account_20221201_epiTest_12,2022-03-24 00:00:00+00:00,1698088362000,1698088085856,"""{}""",
6e485414-7417-4957-a94d-f33f52528c49,100001,16d059b3-c99c-4951-a685-bce30bf391f0,Test_account_20221202_epiTest_test_5,2022-03-25 00:00:00+00:00,1698088362000,1698088085740,"""{}""",
1be5a2c4-aa99-4664-82ab-07a94028a0ca,300000,ed862ef8-ce1d-40a4-ad7f-b03a4f25773b,arch_Test_account_20220326_00015,2022-03-26 00:00:00+00:00,1698088362000,1698088085519,"""{}""",
1da379ce-0dca-488a-9166-4ce702af9843,50000000,7a74612f-1229-4195-8e77-2d4a820b8897,Interest-App-Test-1911042500732320702-043,2022-03-26 00:00:00+00:00,1698088362000,1698088085520,"""{}""",
22f3eef5-fed0-407a-abbc-9709cd679098,300000,d7b07188-a7a3-4910-ab38-7238a242f36f,arch_Test_account_20220326_0003,2022-03-26 00:00:00+00:00,1698088362000,1698088085542,"""{}""",
3e72f537-6f5a-4a92-a686-358e76430025,300000,ebc76466-33de-4741-b82e-b1455883b65e,arch_Test_account_20220326_0004,2022-03-26 00:00:00+00:00,1698088362000,1698088085553,"""{}""",
4a488c3c-0ce0-4ab8-818d-7a8f3dd6583d,300000,3cf2599a-d646-46c0-a5de-53a57da6f394,arch_Test_account_20220326_000017,2022-03-26 00:00:00+00:00,1698088362000,1698088085558,"""{}""",
c3f68d2f-9086-4c63-bed6-3493c698d683,50000000,b3084b50-836b-4590-8dd1-0d7ade377b98,Interest-App-Test-1911042500732320702-041,2022-03-26 00:00:00+00:00,1698088362000,1698088085851,"""{}""",
ef2e9bfa-0739-4b2a-a1d9-9494696c5982,300000,fa62d4df-222f-4443-a845-d67ecd452aeb,arch_Test_account_20220326_000019,2022-03-26 00:00:00+00:00,1698088362000,1698088085941,"""{}""",
c750dd53-c186-44a4-b90e-ff9eecf32060,100000,ec3a18b5-b3fe-473e-8aac-f60c6d852eb3,requestID-1012125332e34143242,2022-03-28 06:46:58.086000+00:00,1698088362000,1698088085853,"""{}""",
34003c2d-bbc1-4677-9f12-e695060195bb,300000,c5dc1347-8004-40a2-abb5-81e33bad7bcb,arch_Test_account_20220330_00002,2022-03-31 00:00:00+00:00,1698088362000,1698088085549,"""{}""",
2374aa3f-c941-4352-bb9a-bdf69d9b33fb,100000,c6fec35a-7b2c-4547-ab6c-ca9a6be0636f,requestID-1012125332e34143248,2022-03-31 06:16:01.479000+00:00,1698088362000,1698088085542,"""{}""",
1c83f9d8-a34d-4e0a-864e-3b173dcc2f69,100000,d6ef3f53-b4ea-42ae-b0cf-2b12d4fc1240,request-id-emd-3073,2022-03-31 09:08:47.716000+00:00,1698088362000,1698088085519,"""{}""",
6b437cdf-a12e-4a2d-bda5-1c4c4527d0ec,300000,5efcb10b-996a-41a6-91cf-86f1e10add19,arch_Test_account_20220330_00005,2022-04-02 00:00:00+00:00,1698088362000,1698088085736,"""{}""",
0fcbd9dc-4b04-45e4-961d-ff7d787a4d3c,300000,fad40d6b-6f07-4baf-af75-94dc26a747a2,arch_Test_account_20220403_00018,2022-04-03 00:00:00+00:00,1698088362000,1698088085513,"""{}""",
1fc892ec-2608-4de2-9cf8-5521c3391d7d,297000,aef7f097-d1ad-4893-815b-fc7b81c1bd81,arch_Test_account_20220403_0006,2022-04-03 00:00:00+00:00,1698088362000,1698088085541,"""{}""",
27757945-8a1f-4db9-8f7e-ac6ea9598f85,300000,2dcf0c43-6f0f-4c68-aa5d-29bf983be5a3,arch_Test_account_20220403_00016,2022-04-03 00:00:00+00:00,1698088362000,1698088085544,"""{}""",
3d87188c-1dd5-4920-b6e1-6681f05c3eff,300000,ea9d1e26-f3ac-4a49-87b8-6799b54c0819,arch_Test_account_20220403_0002,2022-04-03 00:00:00+00:00,1698088362000,1698088085552,"""{}""",
4f4d1a65-eaac-46b0-bb88-3bc028d8cc7f,300000,a263d3f7-7bf9-4471-9459-c2029eafe273,arch_Test_account_20220403_0001,2022-04-03 00:00:00+00:00,1698088362000,1698088085559,"""{}""",
6a7aaaa5-0769-4843-a6cc-91b4eacf1951,300000,2d25ffe0-12eb-4f14-b74a-6cdb70c6ffa9,arch_Test_account_20220330_00009,2022-04-03 00:00:00+00:00,1698088362000,1698088085735,"""{}""",
9d046186-9a0d-41c5-a605-dea832804e61,300000,903207a1-a73a-4bf8-a2df-7de9b7b4aed6,arch_Test_account_20220403_00011,2022-04-03 00:00:00+00:00,1698088362000,1698088085761,"""{}""",
a6ce9972-8b57-4682-a2d8-2f66f67e5496,297000,cbfdf49c-bfd4-4941-8b1f-58b896de3f78,arch_Test_account_20220403_0008,2022-04-03 00:00:00+00:00,1698088362000,1698088085766,"""{}""",
e5682219-32d3-4462-9367-6807b2782662,297000,db053379-9f21-4c89-ac05-ecf75b134b7a,arch_Test_account_20220403_0004,2022-04-03 00:00:00+00:00,1698088362000,1698088085868,"""{}""",
b601049b-ede7-43b8-b551-5da308837417,300000,a5c96913-bc95-47ee-8a9b-acf1c628dae3,arch_Test_account_20220403_00020,2022-04-04 00:00:00+00:00,1698088362000,1698088085844,"""{}""",
679ac921-13ea-4439-a4a9-b4f20e153238,297000,9c0067a5-1cea-4720-b87e-d2b47ee109dd,arch_Test_account_20220405_000003,2022-04-05 00:00:00+00:00,1698088362000,1698088085734,"""{}""",
8184107b-608e-4ba7-94b8-07c9c9acf5d4,500000,853fc848-6688-499b-939e-8980c4004fa1,requestID-1012125332e34143283,2022-04-06 10:22:46.744000+00:00,1698088362000,1698088085749,"""{}""",
52453796-193f-43aa-a5ec-8681629d0685,500000,79ef504e-02de-4553-9a09-1c4b48d58e60,requestID-1012125332e34143287,2022-04-07 16:09:27.109000+00:00,1698088362000,1698088085561,"""{}""",
502282ae-03df-4e15-a003-67bf592d6028,500000,d87edc9d-baee-43ed-8bd1-f28f5aa70c1a,test233121210043,2022-04-10 00:00:00+00:00,1698088362000,1698088085560,"""{}""",
77ef00c7-31f6-4d30-bf26-8a3d7b318d10,115500,dc7e3082-3b83-412b-b762-f23a1fe6ce2a,requestID-xyz-40-Test-51110,2022-04-11 08:54:55.994000+00:00,1698088362000,1698088085744,"""{}""",
4f3b5426-d327-44e3-9d8b-9046606dd587,295000,74478c22-d4ea-47c9-b7dc-77db3a7b30b9,Test_account_20220412_009,2022-04-13 00:00:00+00:00,1698088362000,1698088085559,"""{}""",
1b52b043-bd00-40f0-8100-78198395dea7,295000,9112c583-2004-45a9-b855-40b66c725b4b,Test_account_20220415_02_02,2022-04-15 00:00:00+00:00,1698088362000,1698088085518,"""{}""",
c8e9312f-d686-4141-8a5f-09b5f1194bf3,295000,fe998c33-ecb7-4db6-98e1-065bbf6cfc0b,Test_account_20220415_02_03,2022-04-15 00:00:00+00:00,1698088362000,1698088085854,"""{}""",
fe72fbfd-bbfb-4c11-a0dd-832003d6922f,295000,e5f7bfd1-2eab-4ae4-bba3-db1baf8e9663,Test_account_20220415_02_06,2022-04-15 00:00:00+00:00,1698088362000,1698088086044,"""{}""",
25344d8c-3073-4209-b9e3-e133296deb58,295000,240fbff0-b62b-4c25-8092-32d9846deab2,Test_account_20220415_02_08,2022-04-16 00:00:00+00:00,1698088362000,1698088085543,"""{}""",
e675da52-9305-40a4-be28-238aa6c232c1,295000,65dc99af-2648-435a-8d89-8369e6901585,Test_account_20220415_02_011,2022-04-16 00:00:00+00:00,1698088362000,1698088085868,"""{}""",
f4e9946e-2b9c-4738-8682-4169a573f23f,295000,dae38628-2560-4061-9aa7-6d3f497939e7,Test_account_20220415_02_015,2022-04-16 00:00:00+00:00,1698088362000,1698088085944,"""{}""",
3973b50a-67cd-4f63-bfed-0799bd234f21,300000,a64510e5-a425-4a35-b3a3-3a8587a7036b,Test_account_20220415_Shruti_00003,2022-04-18 00:00:00+00:00,1698088362000,1698088085551,"""{}""",
2e0677c4-0366-4a20-9be0-351a4e1a2a88,300000,f6b13b99-b9f2-4255-96af-1f2ef00a7e7f,Test_account_20220420_Shruti_00006,2022-04-19 18:30:00+00:00,1698088362000,1698088085546,"""{}""",
515359f2-77ca-432b-94b3-d01eb7cf73d8,300000,3066dbb3-8d86-4a78-8d60-cbdcb26b33df,Test_account_20220420_00000030,2022-04-19 18:30:00+00:00,1698088362000,1698088085560,"""{}""",
5855fe4c-0f5a-47c1-b36e-374ed09e3a4e,300000,9461e324-641d-4381-9de6-0143f6e492f8,Test_account_20220420_00000033,2022-04-19 18:30:00+00:00,1698088362000,1698088085728,"""{}""",
8db32426-f24b-474b-b244-330d3fcccb4c,300000,c579c92d-ca05-4ff0-93a5-e330406d77b8,Test_account_20220420_00000018,2022-04-19 18:30:00+00:00,1698088362000,1698088085754,"""{}""",
a054cca9-adc9-44a9-9b93-5fdd341d3faf,300000,914adc8f-c712-4369-bede-07b5624b0f4e,Test_account_20220419_Shruti_000010,2022-04-19 18:30:00+00:00,1698088362000,1698088085762,"""{}""",
b717cb30-8278-4ba0-a889-52b53af37ee0,300000,93834b2d-0e00-4e96-acad-447aefff357e,Test_account_20220420_Shruti_000005,2022-04-19 18:30:00+00:00,1698088362000,1698088085845,"""{}""",
a8ff0f43-2d33-4a7c-863f-23bb3a03fbf5,1000000,0729973a-53e8-41f0-94b4-908a1e9814ac,request5986778745,2022-04-21 09:58:25.471000+00:00,1698088362000,1698088085767,"""{}""",
2b4bc043-bbe8-4d03-a3e0-11059281cc23,300000,3a8d7249-c155-4599-8a3e-9a633a8d7e4f,Test_account_20220423_00005,2022-04-22 18:30:00+00:00,1698088362000,1698088085545,"""{}""",
48e9c4c7-0bd6-4829-9145-ed5dee6a3076,150000,a594ec7b-1fce-46f3-bafc-d91b6b098d6e,test111112121181,2022-04-22 18:30:00+00:00,1698088362000,1698088085557,"""{}""",
65c07832-5baa-4e76-8157-cebd13c2fb59,150000,85469c19-042d-44ee-af5b-df97cebe5b3e,test111112121182,2022-04-22 18:30:00+00:00,1698088362000,1698088085733,"""{}""",
f3c40dbb-3111-431e-9fb5-3109b782c75f,300000,0895fefc-fa31-4cf3-9f9c-c355d4c5300a,Test_account_20220423_00008,2022-04-23 18:30:00+00:00,1698088362000,1698088085943,"""{}""",
6a3a7916-adf3-495d-86ac-fd7f7cb26447,300000,18fe9229-277f-4c1a-a3ce-21982c646152,Test_account_20220423_000039,2022-04-24 18:30:00+00:00,1698088362000,1698088085735,"""{}""",
e90a65b1-8172-43b4-9e09-18788e9adedd,300000,4cd055c4-f71a-4cb2-9612-76fa6631d33d,Test_account_20220423_000023,2022-04-24 18:30:00+00:00,1698088362000,1698088085870,"""{}""",
79d277c5-5fb8-4e8d-8c8e-16ac74b10997,100000,baa89029-781e-4f23-8f19-4998a08b8a38,request-id-emd-3081-shrutiaga,2022-04-25 13:03:55.113000+00:00,1698088362000,1698088085745,"""{}""",
7599faaa-2a06-47fe-af80-40813bb08368,300000,422ef33f-7fc7-4572-90c1-a127824b3f94,Test_account_20220426_0002,2022-04-25 18:30:00+00:00,1698088362000,1698088085744,"""{}""",
d7370da9-0870-439b-ae28-3837bf8f4e69,300000,e0b367ff-0aa1-4e8e-b796-77ffa2cf8480,Test_account_20220426_00026,2022-04-25 18:30:00+00:00,1698088362000,1698088085860,"""{}""",
e52cf180-797f-4f96-af5d-c86fe3d80516,300000,4c1af113-0979-4846-96f8-e5d765432a15,Test_account_20220426_00012,2022-04-25 18:30:00+00:00,1698088362000,1698088085868,"""{}""",
f499b376-ac9a-417a-9acb-3eee9d324bb2,300000,8179bf5b-7f75-4d03-bd2b-088c4775834d,Test_account_20220426_00022,2022-04-25 18:30:00+00:00,1698088362000,1698088085944,"""{}""",
7eff5e52-e5b2-429d-8973-02e8ae940013,100000,c35b7020-cf18-416f-a067-f0ff5b0e349a,atest11111212118013,2022-04-26 18:30:00+00:00,1698088362000,1698088085747,"""{}""",
61d14a5c-b01a-4642-a1e3-189dc8bfbc08,100000,dcb21be9-f45a-4261-8d5d-f48f01d2de23,atest11111212118018,2022-04-27 18:30:00+00:00,1698088362000,1698088085732,"""{}""",
