id,ifi,requestmti,datetimelocaltx,datetimetransmission,mid,acquiringinstidcode,tid,transactionidentifier,stan,transactionamount,currencycodetransaction,approvalcode,originaldataelements,requesttimestamp,masked_pan,processingcode,timelocaltransaction,datelocaltransaction,pointofserviceentrymode,pointofserviceconditioncode,amounttransactionfee,forwardinginstitutionidentificationcode,additionalposinformation,vipprivateusefields,cguid,responsecode,additionalresponsedata,receipt,created_at,modified_at,errorcode,paymentrequestid,requestfrom,transactiontype,retrievalrefnumber,cardholderbillingamount,cardholderbillingcurrencycode,payment_code,originalauthrequestid,_load_ts_ms
e73c238d-1066-4d1b-9f64-495b03d46e12,140793,0100,2022-12-08 00:29:41+00:00,1208055941,M00001,123456,T00001,807525337208036,000732,000000000001,356,,,2022-12-08 05:59:43.664000,"""434919-xxxxxx-2591""","""000000""","""055941""","""1208""","""0000""","""59""",,,"""090000000740""","""8000000002""","""fe1286aa-b1f5-47c9-90d5-037e8777cc62""","""12""",,,2022-12-08 05:59:43.678000,2022-12-08 05:59:43.678000,MANDATORY_FIELDS_MISSING,123456_7525337208036_fe1286aa-b1f5-47c9-90d5-037e8777cc62,8668319343506080193@ledger.zeta.in,ECOM_PURCHASE,468123763860,000000025000,840,PMCINZZ10091034,123456_7525337208036_fe1286aa-b1f5-47c9-90d5-037e8777cc62,1681910639000
476a3395-ebae-4272-b973-e089b35442a0,140793,0100,2023-02-24 05:58:28+00:00,0224112828,450545891008001,123456,91008001,836277721342505,000732,000000000100,356,,,2023-02-24 13:09:23.811000,"""567891-xxxxxx-3925""","""000000""","""112828""","""0224""","""0000""","""59""","""D00000000""",,"""090000000840""","""8000000002""","""bd3b9be3-3f84-406c-9a87-3d90849ca5d2""","""12""",,,2023-02-24 13:09:23.811000,2023-02-24 13:09:23.811000,PAYMENT_CODE_NOT_FOUND,123456_6277721342505_bd3b9be3-3f84-406c-9a87-3d90849ca5d2,5744148618783252551@ledger.zeta.in,,108979175612,000000000100,356,,123456_6277721342505_bd3b9be3-3f84-406c-9a87-3d90849ca5d2,1681910639000
1c4ba17e-5b41-4fcd-b744-be3c3816f8ba,140793,0100,2023-02-23 06:58:47+00:00,0223122847,450545891008001,123456,91008001,847592407993901,000556,000000010000,356,,,2023-02-23 12:43:31.111000,"""567891-xxxxxx-3925""","""000000""","""122847""","""0223""","""0500""","""00""","""D00000000""",,"""050000100000""","""8000000002""","""bd3b9be3-3f84-406c-9a87-3d90849ca5d2""","""12""",,,2023-02-23 12:43:31.112000,2023-02-23 12:43:31.112000,PAYMENT_CODE_NOT_FOUND,123456_7592407993901_bd3b9be3-3f84-406c-9a87-3d90849ca5d2,5744148618783252551@ledger.zeta.in,,908479176093,000000010000,356,,123456_7592407993901_bd3b9be3-3f84-406c-9a87-3d90849ca5d2,1681910639000
f2b08ee1-aad7-4cf3-bd55-1db05ea3b6eb,140793,0100,2023-02-24 05:58:28+00:00,0224112828,450545891008001,123456,91008001,582054193532571,000556,000000000100,356,,,2023-02-24 13:46:14.240000,"""434919-xxxxxx-1445""","""000000""","""112828""","""0224""","""9000""","""00""","""D00000000""",,"""020000000000""","""8000000002""","""099c8c0a-bd82-4f88-b36c-ad714c2e60e2""","""12""",,,2023-02-24 13:46:14.241000,2023-02-24 13:46:14.241000,PAYMENT_CODE_NOT_FOUND,123456_2054193532571_099c8c0a-bd82-4f88-b36c-ad714c2e60e2,8668319343506080193@ledger.zeta.in,,844178071945,000000000100,356,,123456_2054193532571_099c8c0a-bd82-4f88-b36c-ad714c2e60e2,1681910639000
1acdf64c-faab-400e-b81e-bd97eee31d71,140793,0100,2023-02-24 05:58:28+00:00,0224112828,450545891008001,123456,91008001,806293049835479,000556,000000000100,356,,,2023-02-24 13:46:24.077000,"""434919-xxxxxx-1445""","""000000""","""112828""","""0224""","""0500""","""00""","""D00000000""",,"""050000100000""","""8000000002""","""099c8c0a-bd82-4f88-b36c-ad714c2e60e2""","""12""","""    1   2""",,2023-02-24 13:46:24.078000,2023-02-24 13:46:24.078000,INVALID_CARDHOLDER_BILLING_CURRENCY_CODE,123456_6293049835479_099c8c0a-bd82-4f88-b36c-ad714c2e60e2,8668319343506080193@ledger.zeta.in,POS_PURCHASE,761106481011,000000000100,356,PMCINZZ10090100,123456_6293049835479_099c8c0a-bd82-4f88-b36c-ad714c2e60e2,1681910639000
e3beeb2e-2295-4764-b08c-631ed41fb2ff,140793,0100,2023-02-24 05:58:28+00:00,0224112828,450545891008001,123456,91008001,015134271320972,000732,000000000100,356,,,2023-02-24 13:47:17.808000,"""434919-xxxxxx-7532""","""000000""","""112828""","""0224""","""1000""","""59""","""D00000000""",,"""090000000840""","""8000000002""","""cbd310ba-329a-4b54-91e3-152f6c5c000a""","""12""",,,2023-02-24 13:47:17.809000,2023-02-24 13:47:17.809000,PAYMENT_CODE_NOT_FOUND,123456_5134271320972_cbd310ba-329a-4b54-91e3-152f6c5c000a,8668319343506080193@ledger.zeta.in,,971897082618,000000000100,356,,123456_5134271320972_cbd310ba-329a-4b54-91e3-152f6c5c000a,1681910639000
2c29d5a4-7b45-4284-8f81-03ee63fc0343,140793,0100,2023-02-23 20:21:20+00:00,0224135120,M00001,123456,T00001,399212454580913,000556,000000000001,356,,,2023-02-24 13:51:21.181000,"""434919-xxxxxx-2591""","""000000""","""015120""","""0224""","""0500""","""00""","""C00000000""",,"""450000100000""","""8000000002""","""fe1286aa-b1f5-47c9-90d5-037e8777cc62""","""12""","""    2   2""",,2023-02-24 13:51:21.182000,2023-02-24 13:51:21.182000,INVALID_CARDHOLDER_BILLING_CURRENCY_CODE,123456_9212454580913_fe1286aa-b1f5-47c9-90d5-037e8777cc62,8668319343506080193@ledger.zeta.in,POS_PURCHASE,195708996544,000000000001,356,PMCINZZ10090100,123456_9212454580913_fe1286aa-b1f5-47c9-90d5-037e8777cc62,1681910639000
b304e61f-0a60-41e4-a193-479003a9b09d,140793,0100,2023-02-24 05:58:28+00:00,0224112828,450545891008001,123456,91008001,764777652629044,000732,000000000100,356,,,2023-02-24 13:08:49.069000,"""567891-xxxxxx-3925""","""000000""","""112828""","""0224""","""0000""","""59""","""D00000000""",,"""090000000840""","""8000000002""","""bd3b9be3-3f84-406c-9a87-3d90849ca5d2""","""12""",,,2023-02-24 13:08:49.070000,2023-02-24 13:08:49.070000,PAYMENT_CODE_NOT_FOUND,123456_4777652629044_bd3b9be3-3f84-406c-9a87-3d90849ca5d2,5744148618783252551@ledger.zeta.in,,627617227502,000000000100,356,,123456_4777652629044_bd3b9be3-3f84-406c-9a87-3d90849ca5d2,1681910639000
f7165f3e-1a79-4ecb-b9b1-fc9a345abda9,140793,0100,2023-02-24 05:58:28+00:00,0224112828,450545891008001,123456,91008001,922583801005380,000732,000000000100,356,,,2023-02-24 13:10:41.838000,"""567891-xxxxxx-0058""","""000000""","""112828""","""0224""","""0000""","""59""","""D00000000""",,"""090000000840""","""8000000002""","""2da32bf7-4617-49ee-bc1d-91ebb715c234""","""12""",,,2023-02-24 13:10:41.840000,2023-02-24 13:10:41.840000,PAYMENT_CODE_NOT_FOUND,123456_2583801005380_2da32bf7-4617-49ee-bc1d-91ebb715c234,5744148618783252551@ledger.zeta.in,,274046593187,000000000100,356,,123456_2583801005380_2da32bf7-4617-49ee-bc1d-91ebb715c234,1681910639000
e9d763c5-e4a5-4ac0-b845-5ae11b6a70ad,140793,0100,2023-02-24 05:58:28+00:00,0224112828,450545891008001,123456,91008001,494019773438028,000556,000000000100,356,,,2023-02-24 13:12:28.346000,"""567891-xxxxxx-7023""","""000000""","""112828""","""0224""","""0500""","""00""","""D00000000""",,"""050000100000""","""8000000002""","""9aa52739-ac98-4873-bc15-b652856ae3c5""","""12""",,,2023-02-24 13:12:28.346000,2023-02-24 13:12:28.346000,PAYMENT_CODE_NOT_FOUND,123456_4019773438028_9aa52739-ac98-4873-bc15-b652856ae3c5,5744148618783252551@ledger.zeta.in,,168449108767,000000000100,356,,123456_4019773438028_9aa52739-ac98-4873-bc15-b652856ae3c5,1681910639000
62eca7b1-fc8e-413b-916c-6b095cb3167e,140793,0100,2023-02-24 05:58:28+00:00,0224112828,450545891008001,123456,91008001,779215282711618,000556,000000000100,356,,,2023-02-24 13:13:56.291000,"""567891-xxxxxx-0140""","""000000""","""112828""","""0224""","""0500""","""00""","""D00000000""",,"""050000100000""","""8000000002""","""86ee9dc7-84f1-4edd-9ab1-9c6a145b8000""","""12""",,,2023-02-24 13:13:56.292000,2023-02-24 13:13:56.292000,PAYMENT_CODE_NOT_FOUND,123456_9215282711618_86ee9dc7-84f1-4edd-9ab1-9c6a145b8000,5744148618783252551@ledger.zeta.in,,570729189354,000000000100,356,,123456_9215282711618_86ee9dc7-84f1-4edd-9ab1-9c6a145b8000,1681910639000
b009b33d-fdaf-41ea-8240-dfe90da2b4fc,140793,0100,2023-02-27 01:56:40+00:00,0227072640,M00001,123456,T00001,773120996016798,000556,000000000001,840,,,2023-02-27 07:26:42.842000,"""434919-xxxxxx-2591""","""000000""","""072640""","""0227""","""0500""","""00""","""C00000000""",,"""450000100000""","""8000000002""","""fe1286aa-b1f5-47c9-90d5-037e8777cc62""","""05""","""        2""",,2023-02-27 07:26:42.844000,2023-02-27 07:26:42.844000,java.util.concurrent.CompletionException: java.io.InterruptedIOException: timeout,123456_3120996016798_fe1286aa-b1f5-47c9-90d5-037e8777cc62,8668319343506080193@ledger.zeta.in,POS_PURCHASE,939118155885,000000000001,840,,123456_3120996016798_fe1286aa-b1f5-47c9-90d5-037e8777cc62,1681910639000
e53d3f7a-a90f-42ce-b659-db2caa6e23f5,140793,0100,2023-02-24 05:58:28+00:00,0224112828,450545891008001,123456,91008001,650692282695279,000556,000000000100,356,,,2023-02-24 13:44:22.039000,"""434919-xxxxxx-8909""","""000000""","""112828""","""0224""","""9000""","""00""","""D00000000""",,"""020000000000""","""8000000002""","""7c86a92b-8bd3-4a63-b686-c077bacfc054""","""12""",,,2023-02-24 13:44:22.040000,2023-02-24 13:44:22.040000,PAYMENT_CODE_NOT_FOUND,123456_0692282695279_7c86a92b-8bd3-4a63-b686-c077bacfc054,8668319343506080193@ledger.zeta.in,,972747038525,000000000100,356,,123456_0692282695279_7c86a92b-8bd3-4a63-b686-c077bacfc054,1681910639000
ce93618e-f358-4163-b0fa-1e867f12290a,140793,0100,2023-02-24 05:58:28+00:00,0224112828,450545891008001,123456,91008001,718429288537700,000556,000000000100,356,,,2023-02-24 13:44:28.185000,"""434919-xxxxxx-8909""","""000000""","""112828""","""0224""","""0500""","""00""","""D00000000""",,"""450000100000""","""8000000002""","""7c86a92b-8bd3-4a63-b686-c077bacfc054""","""12""","""    1   2""",,2023-02-24 13:44:28.186000,2023-02-24 13:44:28.186000,INVALID_CARDHOLDER_BILLING_CURRENCY_CODE,123456_8429288537700_7c86a92b-8bd3-4a63-b686-c077bacfc054,8668319343506080193@ledger.zeta.in,POS_PURCHASE,407858146275,000000000100,356,PMCINZZ10090100,123456_8429288537700_7c86a92b-8bd3-4a63-b686-c077bacfc054,1681910639000
f45d6090-e294-49c2-8b5a-bc38fee86fb0,140793,0100,2023-02-24 05:58:28+00:00,0224112828,450545891008001,123456,91008001,989883586275733,000556,000000000100,356,,,2023-02-24 13:44:12.097000,"""434919-xxxxxx-8909""","""000000""","""112828""","""0224""","""0700""","""00""","""D00000000""",,"""050000100000""","""8000000002""","""7c86a92b-8bd3-4a63-b686-c077bacfc054""","""12""","""    1   2""",,2023-02-24 13:44:12.098000,2023-02-24 13:44:12.098000,INVALID_CARDHOLDER_BILLING_CURRENCY_CODE,123456_9883586275733_7c86a92b-8bd3-4a63-b686-c077bacfc054,8668319343506080193@ledger.zeta.in,CONTACTLESS,658974141191,000000000100,356,PMCINZZ10090104,123456_9883586275733_7c86a92b-8bd3-4a63-b686-c077bacfc054,1681910639000
32d780b4-9d28-405a-b947-62b648afada9,140793,0100,2023-01-03 19:40:02+00:00,0104131002,M00001,123456,T00001,325839920340487,000732,000000000100,356,,,2023-01-04 13:10:02.453000,"""989898-xxxxxx-5213""","""000000""","""011002""","""0104""","""0100""","""59""","""C00000000""",,"""090000000740""","""8000000002""","""15d13481-f9f5-4a8c-8ebb-f0142fb97012""","""96""",,,2023-01-04 13:10:02.469000,2023-01-04 13:10:02.469000,,123456_5839920340487_15d13481-f9f5-4a8c-8ebb-f0142fb97012,3586724179064898625@ledger.zeta.in,,617180264162,000000000100,356,,123456_5839920340487_15d13481-f9f5-4a8c-8ebb-f0142fb97012,1681907982000
d2601059-99a4-490b-92d4-dad7061d1374,140793,0100,2023-01-03 20:11:16+00:00,0104134116,M00001,123456,T00001,679229726083123,000556,000000001000,356,,,2023-01-04 13:41:18.283000,"""989898-xxxxxx-5213""","""000000""","""014116""","""0104""","""0500""","""00""","""C00000000""",,"""350000100000""","""E00000000200026600""","""15d13481-f9f5-4a8c-8ebb-f0142fb97012""","""96""",,,2023-01-04 13:41:18.352000,2023-01-04 13:41:18.352000,,123456_9229726083123_15d13481-f9f5-4a8c-8ebb-f0142fb97012,3586724179064898625@ledger.zeta.in,,457211769583,000000001000,356,,123456_9229726083123_15d13481-f9f5-4a8c-8ebb-f0142fb97012,1681909967000
a1e56d89-5288-4581-b832-290c29a07d06,140793,0100,2023-02-24 05:58:28+00:00,0224112828,450545891008001,123456,91008001,111813225190388,000732,000000000100,356,,,2023-02-24 13:45:27.245000,"""434919-xxxxxx-8780""","""000000""","""112828""","""0224""","""1000""","""59""","""D00000000""",,"""090000000840""","""8000000002""","""e1277f5e-9187-4985-be91-2ac30ad3e1a6""","""12""",,,2023-02-24 13:45:27.248000,2023-02-24 13:45:27.248000,PAYMENT_CODE_NOT_FOUND,123456_1813225190388_e1277f5e-9187-4985-be91-2ac30ad3e1a6,8668319343506080193@ledger.zeta.in,,515698468016,000000000100,356,,123456_1813225190388_e1277f5e-9187-4985-be91-2ac30ad3e1a6,1681910639000
ce15c03b-ac2d-4570-9406-edd5d4d2c379,140793,0100,2023-02-27 04:28:40+00:00,0227095840,M00001,123456,T00001,472883121244153,000556,000000000001,356,,,2023-02-27 09:58:44.834000,"""434919-xxxxxx-2591""","""000000""","""095840""","""0227""","""0500""","""00""","""C00000000""",,"""450000100000""","""8000000002""","""fe1286aa-b1f5-47c9-90d5-037e8777cc62""","""05""",,,2023-02-27 09:58:44.838000,2023-02-27 09:58:44.838000,java.util.concurrent.CompletionException: in.zeta.springframework.boot.commons.clients.exception.ConnectionException: java.io.InterruptedIOException: timeout,123456_2883121244153_fe1286aa-b1f5-47c9-90d5-037e8777cc62,8668319343506080193@ledger.zeta.in,POS_PURCHASE,541881962831,000000000001,356,,123456_2883121244153_fe1286aa-b1f5-47c9-90d5-037e8777cc62,1681910639000
8be288f6-018d-43de-acf2-236615c6832b,140793,0100,2023-02-24 05:58:28+00:00,0224112828,450545891008001,123456,91008001,149652640067169,000732,000000000100,356,,,2023-02-24 13:10:18.272000,"""567891-xxxxxx-0058""","""000000""","""112828""","""0224""","""0000""","""59""","""D00000000""",,"""090000000840""","""8000000002""","""2da32bf7-4617-49ee-bc1d-91ebb715c234""","""12""",,,2023-02-24 13:10:18.272000,2023-02-24 13:10:18.272000,PAYMENT_CODE_NOT_FOUND,123456_9652640067169_2da32bf7-4617-49ee-bc1d-91ebb715c234,5744148618783252551@ledger.zeta.in,,472083940849,000000000100,356,,123456_9652640067169_2da32bf7-4617-49ee-bc1d-91ebb715c234,1681910639000
883efd7d-d579-4842-8e7e-979c2ef6bad9,140793,0100,2023-02-23 06:58:47+00:00,0223122847,450545891008001,123456,91008001,449414444338075,000556,000000010000,356,,,2023-02-23 12:43:51.964000,"""567891-xxxxxx-0058""","""000000""","""122847""","""0223""","""0500""","""00""","""D00000000""",,"""050000100000""","""8000000002""","""2da32bf7-4617-49ee-bc1d-91ebb715c234""","""12""",,,2023-02-23 12:43:51.965000,2023-02-23 12:43:51.965000,PAYMENT_CODE_NOT_FOUND,123456_9414444338075_2da32bf7-4617-49ee-bc1d-91ebb715c234,5744148618783252551@ledger.zeta.in,,701588899053,000000010000,356,,123456_9414444338075_2da32bf7-4617-49ee-bc1d-91ebb715c234,1681910639000
f681da9c-753d-410c-b616-6865391de182,140793,0100,2023-02-23 06:58:47+00:00,0223122847,450545891008001,123456,91008001,093340374940312,000556,000000010000,356,,,2023-02-23 12:45:48.063000,"""222922-xxxxxx-9658""","""000000""","""122847""","""0223""","""0500""","""00""","""D00000000""",,"""050000100000""","""8000000002""","""cae88027-cce3-456c-bd81-a4bc4cda513f""","""96""","""    2   2""",,2023-02-23 12:45:48.064000,2023-02-23 12:45:48.064000,CARD_PROGRAM_NOT_FOUND,123456_3340374940312_cae88027-cce3-456c-bd81-a4bc4cda513f,1693227536034091258@ledger.zeta.in,POS_PURCHASE,977277311293,000000010000,356,,123456_3340374940312_cae88027-cce3-456c-bd81-a4bc4cda513f,1681910639000
c054aef1-cea3-4f25-be9a-ace5806c58be,140793,0100,2023-02-24 05:58:28+00:00,0224112828,450545891008001,123456,91008001,265505815632426,000732,000000000100,356,,,2023-02-24 13:44:47.685000,"""434919-xxxxxx-8909""","""000000""","""112828""","""0224""","""0000""","""59""","""D00000000""",,"""090000000840""","""8000000002""","""7c86a92b-8bd3-4a63-b686-c077bacfc054""","""12""",,,2023-02-24 13:44:47.686000,2023-02-24 13:44:47.686000,PAYMENT_CODE_NOT_FOUND,123456_5505815632426_7c86a92b-8bd3-4a63-b686-c077bacfc054,8668319343506080193@ledger.zeta.in,,595577564050,000000000100,356,,123456_5505815632426_7c86a92b-8bd3-4a63-b686-c077bacfc054,1681910639000
77006464-02a5-42ac-a2bf-63377e492deb,140793,0100,2023-02-24 05:58:28+00:00,0224112828,450545891008001,123456,91008001,725442650246351,000556,000000000100,356,,,2023-02-24 13:45:48.693000,"""434919-xxxxxx-8780""","""000000""","""112828""","""0224""","""0700""","""00""","""D00000000""",,"""050000100000""","""8000000002""","""e1277f5e-9187-4985-be91-2ac30ad3e1a6""","""12""","""    1   2""",,2023-02-24 13:45:48.694000,2023-02-24 13:45:48.694000,INVALID_CARDHOLDER_BILLING_CURRENCY_CODE,123456_5442650246351_e1277f5e-9187-4985-be91-2ac30ad3e1a6,8668319343506080193@ledger.zeta.in,CONTACTLESS,550729412554,000000000100,356,PMCINZZ10090104,123456_5442650246351_e1277f5e-9187-4985-be91-2ac30ad3e1a6,1681910639000
303876ed-d2ec-44b5-98ac-5da228fc24a9,140793,0100,2023-02-24 05:58:28+00:00,0224112828,450545891008001,123456,91008001,730597373536051,000556,000000000100,356,,,2023-02-24 13:46:34.553000,"""434919-xxxxxx-1445""","""000000""","""112828""","""0224""","""0700""","""00""","""D00000000""",,"""050000100000""","""8000000002""","""099c8c0a-bd82-4f88-b36c-ad714c2e60e2""","""12""","""    1   2""",,2023-02-24 13:46:34.554000,2023-02-24 13:46:34.554000,INVALID_CARDHOLDER_BILLING_CURRENCY_CODE,123456_0597373536051_099c8c0a-bd82-4f88-b36c-ad714c2e60e2,8668319343506080193@ledger.zeta.in,CONTACTLESS,233474987827,000000000100,356,PMCINZZ10090104,123456_0597373536051_099c8c0a-bd82-4f88-b36c-ad714c2e60e2,1681910639000
0e5b9a1d-3c7f-44a0-bb24-076762d7fcac,140793,0100,2023-02-24 05:58:28+00:00,0224112828,450545891008001,123456,91008001,298009120556895,000732,000000000100,356,,,2023-02-24 13:47:32.160000,"""434919-xxxxxx-7532""","""000000""","""112828""","""0224""","""0000""","""59""","""D00000000""",,"""090000000840""","""8000000002""","""cbd310ba-329a-4b54-91e3-152f6c5c000a""","""12""",,,2023-02-24 13:47:32.162000,2023-02-24 13:47:32.162000,PAYMENT_CODE_NOT_FOUND,123456_8009120556895_cbd310ba-329a-4b54-91e3-152f6c5c000a,8668319343506080193@ledger.zeta.in,,908459531742,000000000100,356,,123456_8009120556895_cbd310ba-329a-4b54-91e3-152f6c5c000a,1681910639000
8bfcd0f0-2401-4af5-9c95-af0dadb4a844,140793,0100,2023-02-23 20:43:42+00:00,0224141342,M00001,123456,T00001,504369251322530,000556,000000000001,356,,,2023-02-24 14:13:42.910000,"""434919-xxxxxx-2591""","""000000""","""021342""","""0224""","""0500""","""00""","""C00000000""",,"""450000100000""","""8000000002""","""fe1286aa-b1f5-47c9-90d5-037e8777cc62""","""12""","""    2   2""",,2023-02-24 14:13:42.912000,2023-02-24 14:13:42.912000,INVALID_CARDHOLDER_BILLING_CURRENCY_CODE,123456_4369251322530_fe1286aa-b1f5-47c9-90d5-037e8777cc62,8668319343506080193@ledger.zeta.in,POS_PURCHASE,204088772054,000000000001,356,,123456_4369251322530_fe1286aa-b1f5-47c9-90d5-037e8777cc62,1681910639000
cc05d564-7edb-4b48-b975-ed39bcfd5f37,140793,0100,2023-02-24 05:58:28+00:00,0224112828,450545891008001,123456,91008001,427975751694655,000732,000000000100,356,,,2023-02-24 13:11:03.735000,"""567891-xxxxxx-5645""","""000000""","""112828""","""0224""","""0000""","""59""","""D00000000""",,"""090000000840""","""8000000002""","""475bc084-ba7b-43aa-8960-8b284fc576e5""","""12""",,,2023-02-24 13:11:03.735000,2023-02-24 13:11:03.735000,PAYMENT_CODE_NOT_FOUND,123456_7975751694655_475bc084-ba7b-43aa-8960-8b284fc576e5,5744148618783252551@ledger.zeta.in,,850188044658,000000000100,356,,123456_7975751694655_475bc084-ba7b-43aa-8960-8b284fc576e5,1681910639000
387d7663-1ab8-444e-83b6-dcb28e660426,140793,0100,2023-02-24 05:58:28+00:00,0224112828,450545891008001,123456,91008001,430854418291535,000732,000000000100,356,,,2023-02-24 13:11:26.911000,"""567891-xxxxxx-5645""","""000000""","""112828""","""0224""","""0000""","""59""","""D00000000""",,"""090000000840""","""8000000002""","""475bc084-ba7b-43aa-8960-8b284fc576e5""","""12""",,,2023-02-24 13:11:26.912000,2023-02-24 13:11:26.912000,PAYMENT_CODE_NOT_FOUND,123456_0854418291535_475bc084-ba7b-43aa-8960-8b284fc576e5,5744148618783252551@ledger.zeta.in,,268389656448,000000000100,356,,123456_0854418291535_475bc084-ba7b-43aa-8960-8b284fc576e5,1681910639000
8458e6c7-e5ce-44bd-98cc-f8a031a24217,140793,0100,2023-02-24 05:58:28+00:00,0224112828,450545891008001,123456,91008001,135316492854993,000556,000000000100,356,,,2023-02-24 13:11:54.090000,"""567891-xxxxxx-7023""","""000000""","""112828""","""0224""","""0500""","""00""","""D00000000""",,"""050000100000""","""8000000002""","""9aa52739-ac98-4873-bc15-b652856ae3c5""","""12""",,,2023-02-24 13:11:54.091000,2023-02-24 13:11:54.091000,PAYMENT_CODE_NOT_FOUND,123456_5316492854993_9aa52739-ac98-4873-bc15-b652856ae3c5,5744148618783252551@ledger.zeta.in,,168313632588,000000000100,356,,123456_5316492854993_9aa52739-ac98-4873-bc15-b652856ae3c5,1681910639000
578aa213-5631-4923-ab33-4bc54f62fca3,140793,0100,2023-02-24 05:58:28+00:00,0224112828,450545891008001,123456,91008001,738437906473615,000556,000000000100,356,,,2023-02-24 13:12:48.250000,"""567891-xxxxxx-5521""","""000000""","""112828""","""0224""","""0500""","""00""","""D00000000""",,"""050000100000""","""8000000002""","""1de6dfca-8b5f-4a51-b5e7-9c9af05d65fe""","""12""",,,2023-02-24 13:12:48.251000,2023-02-24 13:12:48.251000,PAYMENT_CODE_NOT_FOUND,123456_8437906473615_1de6dfca-8b5f-4a51-b5e7-9c9af05d65fe,5744148618783252551@ledger.zeta.in,,380849271242,000000000100,356,,123456_8437906473615_1de6dfca-8b5f-4a51-b5e7-9c9af05d65fe,1681910639000
0efbcaac-d8c7-4719-862d-c35ee819f95e,140793,0100,2023-02-24 05:58:28+00:00,0224112828,450545891008001,123456,91008001,769970152861221,000556,000000000100,356,,,2023-02-24 13:13:37.019000,"""567891-xxxxxx-2324""","""000000""","""112828""","""0224""","""0500""","""00""","""D00000000""",,"""050000100000""","""8000000002""","""e94a0c5c-1252-4e99-9efb-e8915c2448aa""","""12""",,,2023-02-24 13:13:37.023000,2023-02-24 13:13:37.023000,PAYMENT_CODE_NOT_FOUND,123456_9970152861221_e94a0c5c-1252-4e99-9efb-e8915c2448aa,5744148618783252551@ledger.zeta.in,,811241685914,000000000100,356,,123456_9970152861221_e94a0c5c-1252-4e99-9efb-e8915c2448aa,1681910639000
30fe2679-a5cd-4a48-bc72-ffe150ead7be,140793,0100,2023-02-24 05:58:28+00:00,0224112828,450545891008001,123456,91008001,005983559266213,000556,000000000100,356,,,2023-02-24 13:15:13.007000,"""567891-xxxxxx-4540""","""000000""","""112828""","""0224""","""0500""","""00""","""D00000000""",,"""050000100000""","""8000000002""","""4b2863e9-550a-4bc7-b5ca-3828e9ac2964""","""12""",,,2023-02-24 13:15:13.008000,2023-02-24 13:15:13.008000,PAYMENT_CODE_NOT_FOUND,123456_5983559266213_4b2863e9-550a-4bc7-b5ca-3828e9ac2964,5744148618783252551@ledger.zeta.in,,057025923665,000000000100,356,,123456_5983559266213_4b2863e9-550a-4bc7-b5ca-3828e9ac2964,1681910639000
09f5178c-5eaf-4df3-8839-87283872b1c9,140793,0100,2023-02-27 01:49:00+00:00,0227071900,M00001,123456,T00001,209037783585213,000556,000000000001,356,,,2023-02-27 07:19:02.315000,"""434919-xxxxxx-2591""","""000000""","""071900""","""0227""","""0500""","""00""","""C00000000""",,"""450000100000""","""8000000002""","""fe1286aa-b1f5-47c9-90d5-037e8777cc62""","""12""","""    2   2""",,2023-02-27 07:19:02.323000,2023-02-27 07:19:02.323000,INVALID_CARDHOLDER_BILLING_CURRENCY_CODE,123456_9037783585213_fe1286aa-b1f5-47c9-90d5-037e8777cc62,8668319343506080193@ledger.zeta.in,POS_PURCHASE,981162796585,000000000001,356,,123456_9037783585213_fe1286aa-b1f5-47c9-90d5-037e8777cc62,1681910639000
15aca72a-5cfa-45e9-90c5-ca4c0c633bf4,140793,0100,2023-01-20 06:42:10+00:00,0120121210,M00001,123456,T00001,500833160281211,000732,000000000001,840,,,2023-01-20 12:12:10.302000,"""989898-xxxxxx-4915""","""000000""","""121210""","""0120""","""0100""","""59""","""C00000000""",,"""090000000740""","""8000000002""","""b5e2d120-5423-4f9e-89b8-4a69396f29cc""","""96""",,,2023-01-20 12:12:10.308000,2023-01-20 12:12:10.308000,,123456_0833160281211_b5e2d120-5423-4f9e-89b8-4a69396f29cc,3586724179064898625@ledger.zeta.in,,891918568881,000000000001,356,,123456_0833160281211_b5e2d120-5423-4f9e-89b8-4a69396f29cc,1681907982000
b76fdcd0-ea5f-49d6-8c96-49ae98f08df0,140793,0100,2023-01-20 06:21:34+00:00,0120115134,M00001,123456,T00001,161047682404463,000732,000000000001,840,,,2023-01-20 11:51:36.918000,"""989898-xxxxxx-4915""","""000000""","""115134""","""0120""","""0100""","""59""","""C00000000""",,"""090000000740""","""8000000002""","""b5e2d120-5423-4f9e-89b8-4a69396f29cc""","""96""",,,2023-01-20 11:51:36.924000,2023-01-20 11:51:36.924000,,123456_1047682404463_b5e2d120-5423-4f9e-89b8-4a69396f29cc,3586724179064898625@ledger.zeta.in,,025609437151,000000000001,356,,123456_1047682404463_b5e2d120-5423-4f9e-89b8-4a69396f29cc,1681907982000
bfa1a1df-32bd-436b-9574-1a57a23a799c,140793,0100,2023-02-24 05:58:28+00:00,0224112828,450545891008001,123456,91008001,686817751231918,000732,000000000100,356,,,2023-02-24 13:45:15.321000,"""434919-xxxxxx-8780""","""000000""","""112828""","""0224""","""0000""","""59""","""D00000000""",,"""090000000840""","""8000000002""","""e1277f5e-9187-4985-be91-2ac30ad3e1a6""","""12""",,,2023-02-24 13:45:15.323000,2023-02-24 13:45:15.323000,PAYMENT_CODE_NOT_FOUND,123456_6817751231918_e1277f5e-9187-4985-be91-2ac30ad3e1a6,8668319343506080193@ledger.zeta.in,,534378407029,000000000100,356,,123456_6817751231918_e1277f5e-9187-4985-be91-2ac30ad3e1a6,1681910639000
1001bede-c47c-41e7-a7ca-5b61d12065b1,140793,0100,2023-02-24 05:58:28+00:00,0224112828,450545891008001,123456,91008001,269451247359021,000556,000000000100,356,,,2023-02-24 13:45:40.412000,"""434919-xxxxxx-8780""","""000000""","""112828""","""0224""","""0500""","""00""","""D00000000""",,"""050000100000""","""8000000002""","""e1277f5e-9187-4985-be91-2ac30ad3e1a6""","""12""","""    1   2""",,2023-02-24 13:45:40.413000,2023-02-24 13:45:40.413000,INVALID_CARDHOLDER_BILLING_CURRENCY_CODE,123456_9451247359021_e1277f5e-9187-4985-be91-2ac30ad3e1a6,8668319343506080193@ledger.zeta.in,POS_PURCHASE,560037648766,000000000100,356,PMCINZZ10090100,123456_9451247359021_e1277f5e-9187-4985-be91-2ac30ad3e1a6,1681910639000
d756d583-8e18-4c92-b835-66beb0dcd8fe,140793,0100,2023-02-24 05:58:28+00:00,0224112828,450545891008001,123456,91008001,479306614933969,000556,000000000100,356,,,2023-02-24 13:45:55.964000,"""434919-xxxxxx-8780""","""000000""","""112828""","""0224""","""9000""","""00""","""D00000000""",,"""020000000000""","""8000000002""","""e1277f5e-9187-4985-be91-2ac30ad3e1a6""","""12""",,,2023-02-24 13:45:55.965000,2023-02-24 13:45:55.965000,PAYMENT_CODE_NOT_FOUND,123456_9306614933969_e1277f5e-9187-4985-be91-2ac30ad3e1a6,8668319343506080193@ledger.zeta.in,,140534318869,000000000100,356,,123456_9306614933969_e1277f5e-9187-4985-be91-2ac30ad3e1a6,1681910639000
73479afe-23ce-4ded-9419-483c3bfc7b65,140793,0100,2023-02-24 05:58:28+00:00,0224112828,450545891008001,123456,91008001,282905192922958,000732,000000000100,356,,,2023-02-24 13:48:07.177000,"""434919-xxxxxx-9406""","""000000""","""112828""","""0224""","""1000""","""59""","""D00000000""",,"""090000000840""","""8000000002""","""53f1616c-a74a-4a5e-86dd-a43b2d116823""","""12""",,,2023-02-24 13:48:07.179000,2023-02-24 13:48:07.179000,PAYMENT_CODE_NOT_FOUND,123456_2905192922958_53f1616c-a74a-4a5e-86dd-a43b2d116823,8668319343506080193@ledger.zeta.in,,866199062695,000000000100,356,,123456_2905192922958_53f1616c-a74a-4a5e-86dd-a43b2d116823,1681910639000
af32a001-cd5b-4fa3-bb0f-d7febc6f5896,140793,0100,2023-02-24 05:58:28+00:00,0224112828,450545891008001,123456,91008001,363332320388025,000732,000000000100,356,,,2023-02-24 13:46:44.448000,"""434919-xxxxxx-1445""","""000000""","""112828""","""0224""","""0000""","""59""","""D00000000""",,"""090000000840""","""8000000002""","""099c8c0a-bd82-4f88-b36c-ad714c2e60e2""","""12""",,,2023-02-24 13:46:44.449000,2023-02-24 13:46:44.449000,PAYMENT_CODE_NOT_FOUND,123456_3332320388025_099c8c0a-bd82-4f88-b36c-ad714c2e60e2,8668319343506080193@ledger.zeta.in,,182326204044,000000000100,356,,123456_3332320388025_099c8c0a-bd82-4f88-b36c-ad714c2e60e2,1681910639000
0c5a783a-f7d2-4235-84f9-c8dfbf58c881,140793,0100,2023-02-24 05:58:28+00:00,0224112828,450545891008001,123456,91008001,795564507328144,000732,000000000100,356,,,2023-02-24 13:46:53.995000,"""434919-xxxxxx-1445""","""000000""","""112828""","""0224""","""1000""","""59""","""D00000000""",,"""090000000840""","""8000000002""","""099c8c0a-bd82-4f88-b36c-ad714c2e60e2""","""12""",,,2023-02-24 13:46:53.996000,2023-02-24 13:46:53.996000,PAYMENT_CODE_NOT_FOUND,123456_5564507328144_099c8c0a-bd82-4f88-b36c-ad714c2e60e2,8668319343506080193@ledger.zeta.in,,483013750297,000000000100,356,,123456_5564507328144_099c8c0a-bd82-4f88-b36c-ad714c2e60e2,1681910639000
8a6a5877-4f0a-4db3-89fd-eaea0503ce00,140793,0100,2023-02-24 05:58:28+00:00,0224112828,450545891008001,123456,91008001,886202973857336,000732,000000000100,356,,,2023-02-24 13:47:51.376000,"""434919-xxxxxx-9406""","""000000""","""112828""","""0224""","""0000""","""59""","""D00000000""",,"""090000000840""","""8000000002""","""53f1616c-a74a-4a5e-86dd-a43b2d116823""","""12""",,,2023-02-24 13:47:51.376000,2023-02-24 13:47:51.376000,PAYMENT_CODE_NOT_FOUND,123456_6202973857336_53f1616c-a74a-4a5e-86dd-a43b2d116823,8668319343506080193@ledger.zeta.in,,466638687084,000000000100,356,,123456_6202973857336_53f1616c-a74a-4a5e-86dd-a43b2d116823,1681910639000
e79e5d3a-130a-4f56-b490-7d4701bce441,140793,0100,2023-02-23 20:43:36+00:00,0224141336,M00001,123456,T00001,619210724846287,000556,000000000001,356,,,2023-02-24 14:13:37.415000,"""434919-xxxxxx-2591""","""000000""","""021336""","""0224""","""0500""","""00""","""C00000000""",,"""450000100000""","""8000000002""","""fe1286aa-b1f5-47c9-90d5-037e8777cc62""","""12""","""    2   2""",,2023-02-24 14:13:37.418000,2023-02-24 14:13:37.418000,INVALID_CARDHOLDER_BILLING_CURRENCY_CODE,123456_9210724846287_fe1286aa-b1f5-47c9-90d5-037e8777cc62,8668319343506080193@ledger.zeta.in,POS_PURCHASE,045055264507,000000000001,356,,123456_9210724846287_fe1286aa-b1f5-47c9-90d5-037e8777cc62,1681910639000
194c9248-84d9-4c62-8dab-32ef38fc1926,140793,0100,2023-02-24 05:58:28+00:00,0224112828,450545891008001,123456,91008001,901823976873514,000556,000000000100,356,,,2023-02-24 13:14:19.393000,"""567891-xxxxxx-3742""","""000000""","""112828""","""0224""","""0500""","""00""","""D00000000""",,"""050000100000""","""8000000002""","""b3ade649-031c-48a0-a72f-c5b145c0ed0f""","""12""",,,2023-02-24 13:14:19.394000,2023-02-24 13:14:19.394000,PAYMENT_CODE_NOT_FOUND,123456_1823976873514_b3ade649-031c-48a0-a72f-c5b145c0ed0f,5744148618783252551@ledger.zeta.in,,986629692772,000000000100,356,,123456_1823976873514_b3ade649-031c-48a0-a72f-c5b145c0ed0f,1681910639000
3312f028-b456-4f28-9b4d-6a01c4ce1f25,140793,0100,2023-01-20 06:22:53+00:00,0120115253,M00001,123456,T00001,617987906082456,000732,000000000001,840,,,2023-01-20 11:52:53.645000,"""989898-xxxxxx-4915""","""000000""","""115253""","""0120""","""0100""","""59""","""C00000000""",,"""090000000740""","""8000000002""","""b5e2d120-5423-4f9e-89b8-4a69396f29cc""","""96""",,,2023-01-20 11:52:53.652000,2023-01-20 11:52:53.652000,,123456_7987906082456_b5e2d120-5423-4f9e-89b8-4a69396f29cc,3586724179064898625@ledger.zeta.in,,672819927176,000000000001,356,,123456_7987906082456_b5e2d120-5423-4f9e-89b8-4a69396f29cc,1681907982000
9a4b71ea-e01c-4fc6-a37b-e79fe3087ae4,140793,0100,2022-11-01 00:48:48+00:00,1101061848,M00001,123456,T00001,737796011590659,000556,010000000000,356,,,2022-11-01 06:18:53.470000,"""434919-xxxxxx-2591""","""000000""","""061848""","""1101""","""0700""","""00""","""C00000000""",,"""350000100000""","""8000000002""","""fe1286aa-b1f5-47c9-90d5-037e8777cc62""","""12""","""    2   2""",,2022-11-01 06:18:53.474000,2022-11-01 06:18:53.474000,INVALID_CARDHOLDER_BILLING_CURRENCY_CODE,123456_7796011590659_fe1286aa-b1f5-47c9-90d5-037e8777cc62,8668319343506080193@ledger.zeta.in,CONTACTLESS,955411275383,010000000000,356,PMCINZZ10090104,123456_7796011590659_fe1286aa-b1f5-47c9-90d5-037e8777cc62,1681910639000
9fb510e8-0e5b-413f-b274-239dfd04d1f4,140793,0100,2022-11-01 00:49:24+00:00,1101061924,M00001,123456,T00001,014822918160218,000556,090000000000,356,,,2022-11-01 06:19:24.878000,"""434919-xxxxxx-2591""","""000000""","""061924""","""1101""","""0700""","""00""","""C00000000""",,"""350000100000""","""8000000002""","""fe1286aa-b1f5-47c9-90d5-037e8777cc62""","""12""","""    2   2""",,2022-11-01 06:19:24.883000,2022-11-01 06:19:24.883000,INVALID_CARDHOLDER_BILLING_CURRENCY_CODE,123456_4822918160218_fe1286aa-b1f5-47c9-90d5-037e8777cc62,8668319343506080193@ledger.zeta.in,CONTACTLESS,226162370203,090000000000,356,PMCINZZ10090104,123456_4822918160218_fe1286aa-b1f5-47c9-90d5-037e8777cc62,1681910639000
b5240ced-c116-4bf6-ae55-001584ceed49,140793,0100,2023-02-27 04:28:55+00:00,0227095855,M00001,123456,T00001,352599584316320,000556,000000000001,356,,,2023-02-27 09:58:55.347000,"""434919-xxxxxx-2591""","""000000""","""095855""","""0227""","""0500""","""00""","""C00000000""",,"""450000100000""","""8000000002""","""fe1286aa-b1f5-47c9-90d5-037e8777cc62""","""12""","""    2   2""",,2023-02-27 09:58:55.350000,2023-02-27 09:58:55.350000,INVALID_CARDHOLDER_BILLING_CURRENCY_CODE,123456_2599584316320_fe1286aa-b1f5-47c9-90d5-037e8777cc62,8668319343506080193@ledger.zeta.in,POS_PURCHASE,869004004696,000000000001,356,,123456_2599584316320_fe1286aa-b1f5-47c9-90d5-037e8777cc62,1681910639000
5af7127a-2f3e-42c2-a9a7-f3a0e2857374,140793,0100,2023-02-27 04:30:16+00:00,0227100016,M00001,123456,T00001,847169988417166,000556,000000000001,840,,,2023-02-27 10:00:18.191000,"""434919-xxxxxx-2591""","""000000""","""100016""","""0227""","""0500""","""00""","""C00000000""",,"""450000100000""","""8000000002""","""fe1286aa-b1f5-47c9-90d5-037e8777cc62""","""96""","""    2   2""",,2023-02-27 10:00:18.194000,2023-02-27 10:00:18.194000,INTERNAL_ERROR,123456_7169988417166_fe1286aa-b1f5-47c9-90d5-037e8777cc62,8668319343506080193@ledger.zeta.in,POS_PURCHASE,774285670885,000000000001,840,,123456_7169988417166_fe1286aa-b1f5-47c9-90d5-037e8777cc62,1681910639000
cfa2825c-1f1c-43ea-9574-f1b7eee4d14a,140793,0100,2023-02-24 05:58:28+00:00,0224112828,450545891008001,123456,91008001,716446203473587,000732,000000000100,356,,,2023-02-24 13:10:01.921000,"""567891-xxxxxx-0058""","""000000""","""112828""","""0224""","""0000""","""59""","""D00000000""",,"""090000000840""","""8000000002""","""2da32bf7-4617-49ee-bc1d-91ebb715c234""","""12""",,,2023-02-24 13:10:01.922000,2023-02-24 13:10:01.922000,PAYMENT_CODE_NOT_FOUND,123456_6446203473587_2da32bf7-4617-49ee-bc1d-91ebb715c234,5744148618783252551@ledger.zeta.in,,432874044206,000000000100,356,,123456_6446203473587_2da32bf7-4617-49ee-bc1d-91ebb715c234,1681910639000
2adbc2af-969f-4625-85cc-326fe967a4d1,140793,0100,2023-02-23 06:58:47+00:00,0223122847,450545891008001,123456,91008001,886703563000667,000556,000000010000,356,,,2023-02-23 12:42:48.807000,"""567891-xxxxxx-1278""","""000000""","""122847""","""0223""","""0500""","""00""","""D00000000""",,"""050000100000""","""8000000002""","""0f6b3bab-5a2d-45ee-bb35-562f0908f1a8""","""12""",,,2023-02-23 12:42:48.808000,2023-02-23 12:42:48.808000,PAYMENT_CODE_NOT_FOUND,123456_6703563000667_0f6b3bab-5a2d-45ee-bb35-562f0908f1a8,5744148618783252551@ledger.zeta.in,,562296253919,000000010000,356,,123456_6703563000667_0f6b3bab-5a2d-45ee-bb35-562f0908f1a8,1681910639000
e853277a-6a35-4b26-8055-ac22b9198295,140793,0100,2023-02-23 20:44:34+00:00,0224141434,M00001,123456,T00001,805753364620210,000556,000000000001,356,,,2023-02-24 14:14:35.223000,"""434919-xxxxxx-2591""","""000000""","""021434""","""0224""","""0500""","""00""","""C00000000""",,"""450000100000""","""8000000002""","""fe1286aa-b1f5-47c9-90d5-037e8777cc62""","""12""","""    2   2""",,2023-02-24 14:14:35.225000,2023-02-24 14:14:35.225000,INVALID_CARDHOLDER_BILLING_CURRENCY_CODE,123456_5753364620210_fe1286aa-b1f5-47c9-90d5-037e8777cc62,8668319343506080193@ledger.zeta.in,POS_PURCHASE,758505150252,000000000001,356,,123456_5753364620210_fe1286aa-b1f5-47c9-90d5-037e8777cc62,1681910639000
2ab79c71-4318-40a9-9e4a-5e4d365dc911,140793,0100,2023-02-24 05:58:28+00:00,0224112828,450545891008001,123456,91008001,185709317757896,000556,000000000100,356,,,2023-02-24 13:13:14.090000,"""567891-xxxxxx-5521""","""000000""","""112828""","""0224""","""0500""","""00""","""D00000000""",,"""050000100000""","""8000000002""","""1de6dfca-8b5f-4a51-b5e7-9c9af05d65fe""","""12""",,,2023-02-24 13:13:14.091000,2023-02-24 13:13:14.091000,PAYMENT_CODE_NOT_FOUND,123456_5709317757896_1de6dfca-8b5f-4a51-b5e7-9c9af05d65fe,5744148618783252551@ledger.zeta.in,,749929419670,000000000100,356,,123456_5709317757896_1de6dfca-8b5f-4a51-b5e7-9c9af05d65fe,1681910639000
bcb3c9ec-b032-48e7-a8a2-dd535047f641,140793,0100,2023-02-24 05:58:28+00:00,0224112828,450545891008001,123456,91008001,561696419388773,000556,000000000100,356,,,2023-02-24 13:14:42.321000,"""567891-xxxxxx-4736""","""000000""","""112828""","""0224""","""0500""","""00""","""D00000000""",,"""050000100000""","""8000000002""","""3a9aedd6-5a39-4aae-9fc4-54dce1ed2480""","""12""",,,2023-02-24 13:14:42.322000,2023-02-24 13:14:42.322000,PAYMENT_CODE_NOT_FOUND,123456_1696419388773_3a9aedd6-5a39-4aae-9fc4-54dce1ed2480,5744148618783252551@ledger.zeta.in,,918613786590,000000000100,356,,123456_1696419388773_3a9aedd6-5a39-4aae-9fc4-54dce1ed2480,1681910639000
82d87f12-fde4-4375-a2d6-275a5a86d79b,140793,0100,2023-02-24 05:58:28+00:00,0224112828,450545891008001,123456,91008001,594118994732105,000556,000000000100,356,,,2023-02-24 13:20:55.095000,"""222922-xxxxxx-9658""","""000000""","""112828""","""0224""","""0500""","""00""","""D00000000""",,"""050000100000""","""8000000002""","""cae88027-cce3-456c-bd81-a4bc4cda513f""","""05""","""        2""",,2023-02-24 13:20:55.106000,2023-02-24 13:20:55.106000,java.util.concurrent.CompletionException: in.zeta.springframework.boot.commons.clients.exception.ConnectionException: java.io.InterruptedIOException: timeout,123456_4118994732105_cae88027-cce3-456c-bd81-a4bc4cda513f,1693227536034091258@ledger.zeta.in,POS_PURCHASE,850794828500,000000000100,356,,123456_4118994732105_cae88027-cce3-456c-bd81-a4bc4cda513f,1681910639000
482ea85f-effd-4411-b0b5-3df36e4597f6,140793,0100,2023-02-23 20:45:08+00:00,0224141508,M00001,123456,T00001,477428462938912,000556,000000000001,356,,,2023-02-24 14:15:11.240000,"""434919-xxxxxx-2591""","""000000""","""021508""","""0224""","""0500""","""00""","""C00000000""",,"""450000100000""","""8000000002""","""fe1286aa-b1f5-47c9-90d5-037e8777cc62""","""12""","""    2   2""",,2023-02-24 14:15:11.242000,2023-02-24 14:15:11.242000,INVALID_CARDHOLDER_BILLING_CURRENCY_CODE,123456_7428462938912_fe1286aa-b1f5-47c9-90d5-037e8777cc62,8668319343506080193@ledger.zeta.in,POS_PURCHASE,467505676149,000000000001,356,,123456_7428462938912_fe1286aa-b1f5-47c9-90d5-037e8777cc62,1681910639000
e8f0df16-fdb6-4cff-815b-d7eeb3a4900a,140793,0100,2023-02-24 05:58:28+00:00,0224112828,450545891008001,123456,91008001,068566380980590,000556,000000000100,356,,,2023-02-24 13:44:33.725000,"""434919-xxxxxx-8909""","""000000""","""112828""","""0224""","""0110""","""00""","""D00000000""",,"""050000000000""","""8000000002""","""7c86a92b-8bd3-4a63-b686-c077bacfc054""","""12""",,,2023-02-24 13:44:33.726000,2023-02-24 13:44:33.726000,PAYMENT_CODE_NOT_FOUND,123456_8566380980590_7c86a92b-8bd3-4a63-b686-c077bacfc054,8668319343506080193@ledger.zeta.in,,962332116020,000000000100,356,,123456_8566380980590_7c86a92b-8bd3-4a63-b686-c077bacfc054,1681910639000
5d58393f-b4ea-4bfa-bde1-ff636a28c188,140793,0100,2023-02-24 05:58:28+00:00,0224112828,450545891008001,123456,91008001,593621500243570,000556,000000000100,356,,,2023-02-24 13:43:50.413000,"""434919-xxxxxx-8909""","""000000""","""112828""","""0224""","""0500""","""00""","""D00000000""",,"""050000100000""","""8000000002""","""7c86a92b-8bd3-4a63-b686-c077bacfc054""","""12""","""    1   2""",,2023-02-24 13:43:50.414000,2023-02-24 13:43:50.414000,INVALID_CARDHOLDER_BILLING_CURRENCY_CODE,123456_3621500243570_7c86a92b-8bd3-4a63-b686-c077bacfc054,8668319343506080193@ledger.zeta.in,POS_PURCHASE,357266389814,000000000100,356,PMCINZZ10090100,123456_3621500243570_7c86a92b-8bd3-4a63-b686-c077bacfc054,1681910639000
9e105b76-506e-45ba-8f3d-66e8bedf38fa,140793,0100,2023-02-27 01:58:03+00:00,0227072803,M00001,123456,T00001,119897496764471,000556,000000000001,840,,,2023-02-27 07:28:07.483000,"""434919-xxxxxx-2591""","""000000""","""072803""","""0227""","""0500""","""00""","""C00000000""",,"""450000100000""","""8000000002""","""fe1286aa-b1f5-47c9-90d5-037e8777cc62""","""96""","""    2   2""",,2023-02-27 07:28:07.485000,2023-02-27 07:28:07.485000,INTERCEPTOR_INITIATE_REQUEST_FAILED,123456_9897496764471_fe1286aa-b1f5-47c9-90d5-037e8777cc62,8668319343506080193@ledger.zeta.in,POS_PURCHASE,032297664879,000000000001,840,,123456_9897496764471_fe1286aa-b1f5-47c9-90d5-037e8777cc62,1681910639000
01d9661b-814c-4ed0-9122-e0fd403990b2,140793,0100,2023-02-24 05:58:28+00:00,0224112828,450545891008001,123456,91008001,915697387781061,000732,000000000100,356,,,2023-02-24 13:48:42.958000,"""434919-xxxxxx-0056""","""000000""","""112828""","""0224""","""1000""","""59""","""D00000000""",,"""090000000840""","""8000000002""",,"""12""",,,2023-02-24 13:48:42.961000,2023-02-24 13:48:42.961000,PAYMENT_CODE_NOT_FOUND,,8668319343506080193@ledger.zeta.in,,979975943529,000000000100,356,,,1681910639000
